cpa_id,cluster
2257,1
2259,1
2267,1
2269,1
2270,1
2276,1
2278,1
2281,1
2282,1
2285,1
2288,1
2289,1
2290,1
2291,1
2292,1
2293,1
2295,1
2297,1
2300,1
2301,1
2302,1
2306,1
2307,1
2310,1
2312,1
2318,1
2319,1
2320,1
2322,1
2323,1
2326,1
2328,1
2330,1
2331,1
2340,1
2346,1
2350,1
2353,1
2354,1
2360,1
2361,1
2373,1
2374,1
2385,1
2391,1
2395,1
2397,1
2400,1
2401,1
2408,1
2413,1
2415,1
2416,1
2432,1
2434,1
2438,1
2440,1
2442,1
2446,1
2447,1
2451,1
2452,1
2455,1
2459,1
2461,1
2463,1
2471,1
2475,1
2483,1
2485,1
2487,1
2490,1
2492,1
2493,1
2496,1
2500,1
2501,1
2506,1
2507,1
2508,1
2510,1
2518,1
2520,1
2523,1
2525,1
2531,1
2542,1
2543,1
2550,1
2552,1
2557,1
2559,1
2561,1
2564,1
2567,1
2568,1
2569,1
2572,1
2573,1
2575,1
2576,1
2580,1
2590,1
2592,1
2593,1
2596,1
2597,1
2600,1
2603,1
2604,1
2606,1
2609,1
2615,1
2619,1
2629,1
2631,1
2633,1
2641,1
2647,1
2648,1
2654,1
2663,1
2664,1
2672,1
2673,1
2675,1
2676,1
2677,1
2679,1
2681,1
2685,1
2687,1
2689,1
2692,1
2693,1
2695,1
2696,1
2697,1
2701,1
2702,1
2710,1
2715,1
2717,1
2719,1
2721,1
2725,1
2727,1
2728,1
2731,1
2732,1
2733,1
2734,1
2735,1
2736,1
2740,1
2742,1
2745,1
2747,1
2750,1
2752,1
2759,1
2760,1
2761,1
2762,1
2763,1
2765,1
2769,1
2770,1
2771,1
2772,1
2774,1
2775,1
2780,1
2781,1
2782,1
2786,1
2787,1
2788,1
2791,1
2800,1
2801,1
2802,1
2806,1
2813,1
2815,1
2821,1
2822,1
2823,1
2824,1
2832,1
2835,1
2837,1
2839,1
2843,1
2844,1
2848,1
2850,1
2851,1
2853,1
2854,1
2856,1
2862,1
2863,1
2864,1
2865,1
2872,1
2874,1
2875,1
2877,1
2882,1
2883,1
2885,1
2887,1
2889,1
2893,1
2897,1
2898,1
2900,1
2901,1
2903,1
2908,1
2909,1
2911,1
2916,1
2924,1
2925,1
2926,1
2927,1
2929,1
2932,1
2934,1
2935,1
2936,1
2937,1
2938,1
2940,1
2942,1
2944,1
2947,1
2950,1
2954,1
2961,1
2972,1
2974,1
2978,1
2979,1
2984,1
2985,1
2989,1
2997,1
3003,1
3006,1
3007,1
3014,1
3020,1
3022,1
3023,1
3024,1
3026,1
3027,1
3030,1
3031,1
3033,1
3036,1
3037,1
3040,1
3041,1
3043,1
3045,1
3051,1
3062,1
3065,1
3069,1
3071,1
3073,1
3075,1
3076,1
3078,1
3079,1
3081,1
3082,1
3083,1
3091,1
3101,1
3102,1
3103,1
3105,1
3107,1
3109,1
3110,1
3112,1
3115,1
3118,1
3120,1
3121,1
3125,1
3127,1
3128,1
3132,1
3143,1
3145,1
3147,1
3148,1
3149,1
3157,1
3159,1
3161,1
3165,1
3174,1
3175,1
3176,1
3177,1
3178,1
3179,1
3180,1
3183,1
3185,1
3189,1
3190,1
3191,1
3195,1
3196,1
3197,1
3201,1
3206,1
3207,1
3209,1
3212,1
3214,1
3215,1
3220,1
3222,1
3224,1
3225,1
3228,1
3231,1
3233,1
3235,1
3238,1
3239,1
3242,1
3245,1
3246,1
3249,1
3251,1
3254,1
3255,1
3257,1
3258,1
3259,1
3260,1
3261,1
3263,1
3267,1
3269,1
3271,1
3272,1
3273,1
3277,1
3279,1
3284,1
3287,1
3288,1
3289,1
3293,1
3297,1
3298,1
3299,1
3304,1
3306,1
3307,1
3309,1
3311,1
3315,1
3316,1
3317,1
3320,1
3323,1
3324,1
3325,1
3330,1
3332,1
3333,1
3340,1
3341,1
3347,1
3348,1
3350,1
3354,1
3356,1
3359,1
3365,1
3371,1
3376,1
3377,1
3378,1
3379,1
3383,1
3384,1
3385,1
3388,1
3391,1
3394,1
3398,1
3399,1
3403,1
3407,1
3409,1
3412,1
3413,1
3414,1
3417,1
3420,1
3421,1
3422,1
3423,1
3426,1
3427,1
3429,1
3430,1
3431,1
3434,1
3435,1
3438,1
3441,1
3442,1
3445,1
3447,1
3451,1
3459,1
3462,1
3465,1
3466,1
3468,1
3469,1
3471,1
3473,1
3478,1
3482,1
3484,1
3485,1
3486,1
3487,1
3488,1
3491,1
3492,1
3493,1
3497,1
3502,1
3511,1
3514,1
3527,1
3528,1
3530,1
3533,1
3534,1
3535,1
3538,1
3548,1
3550,1
3551,1
3552,1
3553,1
3554,1
3557,1
3566,1
3573,1
3581,1
3584,1
3585,1
3587,1
3589,1
3590,1
3591,1
3594,1
3595,1
3598,1
3602,1
3604,1
3607,1
3610,1
3611,1
3617,1
3620,1
3621,1
3622,1
3628,1
3629,1
3636,1
3637,1
3642,1
3643,1
3646,1
3648,1
3656,1
3657,1
3666,1
3672,1
3674,1
3677,1
3680,1
3683,1
3687,1
3689,1
3691,1
3697,1
3699,1
3700,1
3707,1
3715,1
3728,1
3731,1
3736,1
3737,1
3738,1
3740,1
3743,1
3745,1
3746,1
3747,1
3752,1
3753,1
3762,1
3764,1
3765,1
3766,1
3767,1
3768,1
3769,1
3772,1
3777,1
3784,1
3785,1
3790,1
3793,1
3794,1
3799,1
3802,1
3804,1
3805,1
3806,1
3809,1
3810,1
3812,1
3820,1
3826,1
3830,1
3834,1
3835,1
3836,1
3841,1
3847,1
3848,1
3851,1
3853,1
3861,1
3863,1
3865,1
3870,1
3871,1
3872,1
3878,1
3879,1
3881,1
3883,1
3884,1
3885,1
3889,1
3891,1
3894,1
3895,1
3897,1
3898,1
3901,1
3902,1
3903,1
3906,1
3909,1
3910,1
3912,1
3913,1
3918,1
3923,1
3926,1
3928,1
3929,1
3934,1
3938,1
3940,1
3943,1
3945,1
3947,1
3948,1
3950,1
3952,1
3956,1
3963,1
3969,1
3972,1
3973,1
3977,1
3980,1
3981,1
3985,1
3990,1
3991,1
3994,1
3996,1
3997,1
4000,1
4001,1
4003,1
4005,1
4007,1
4013,1
4019,1
4020,1
4022,1
4023,1
4024,1
4027,1
4030,1
4031,1
4032,1
4033,1
4034,1
4035,1
4036,1
4038,1
4039,1
4043,1
4049,1
4051,1
4052,1
4055,1
4057,1
4058,1
4063,1
4064,1
4069,1
4074,1
4076,1
4077,1
4079,1
4080,1
4081,1
4083,1
4086,1
4087,1
4088,1
4093,1
4096,1
4099,1
4102,1
4105,1
4116,1
4122,1
4125,1
4134,1
4138,1
4139,1
4141,1
4147,1
4150,1
4151,1
4152,1
4153,1
4155,1
4157,1
4159,1
4165,1
4166,1
4169,1
4172,1
4177,1
4179,1
4182,1
4183,1
4190,1
4194,1
4195,1
4196,1
4199,1
4201,1
4203,1
4204,1
4205,1
4206,1
4212,1
4215,1
4218,1
4219,1
4220,1
4221,1
4222,1
4223,1
4225,1
4228,1
4233,1
4236,1
4239,1
4244,1
4246,1
4247,1
4253,1
4254,1
4257,1
4260,1
4261,1
4262,1
4270,1
4272,1
4277,1
4279,1
4281,1
4285,1
4288,1
4289,1
4292,1
4293,1
4297,1
4299,1
4310,1
4314,1
4317,1
4321,1
4326,1
4330,1
4332,1
4334,1
4338,1
4339,1
4343,1
4348,1
4353,1
4355,1
4356,1
4358,1
4361,1
4363,1
4366,1
4367,1
4374,1
4377,1
4383,1
4386,1
4388,1
4389,1
4390,1
4392,1
4393,1
4398,1
4400,1
4401,1
4402,1
4403,1
4404,1
4411,1
4413,1
4414,1
4415,1
4416,1
4417,1
4422,1
4425,1
4426,1
4427,1
4431,1
4434,1
4435,1
4439,1
4440,1
4442,1
4443,1
4444,1
4445,1
4446,1
4447,1
4449,1
4452,1
4459,1
4461,1
4462,1
4464,1
4465,1
4468,1
4471,1
4475,1
4482,1
4483,1
4485,1
4486,1
4490,1
4492,1
4495,1
4496,1
4497,1
4499,1
4500,1
4503,1
4504,1
4506,1
4507,1
4514,1
4515,1
4518,1
4520,1
4523,1
4525,1
4528,1
4529,1
4530,1
4534,1
4536,1
4537,1
4539,1
4540,1
4551,1
4552,1
4553,1
4555,1
4556,1
4558,1
4560,1
4562,1
4563,1
4567,1
4568,1
4569,1
4570,1
4574,1
4577,1
4578,1
4579,1
4581,1
4582,1
4585,1
4586,1
4591,1
4593,1
4596,1
4597,1
4602,1
4603,1
4606,1
4608,1
4609,1
4611,1
4613,1
4616,1
4617,1
4618,1
4619,1
4620,1
4621,1
4623,1
4624,1
4628,1
4631,1
4633,1
4634,1
4635,1
4641,1
4643,1
4644,1
4646,1
4647,1
4649,1
4650,1
4652,1
4653,1
4654,1
4655,1
4657,1
4659,1
4660,1
4661,1
4664,1
4665,1
4670,1
4674,1
4675,1
4676,1
4678,1
4680,1
4682,1
4683,1
4684,1
4686,1
4687,1
4688,1
4689,1
4694,1
4695,1
4697,1
4698,1
4699,1
4701,1
4702,1
4706,1
4707,1
4708,1
4711,1
4713,1
4714,1
4715,1
4716,1
4717,1
4718,1
4719,1
4720,1
4722,1
4723,1
4724,1
4725,1
4727,1
4730,1
4732,1
4733,1
4734,1
4735,1
4736,1
4741,1
4745,1
4747,1
4749,1
4750,1
4753,1
4754,1
4758,1
4759,1
4760,1
4763,1
4764,1
4765,1
4766,1
4767,1
4769,1
4770,1
4771,1
4772,1
4773,1
4775,1
4776,1
4777,1
4781,1
4783,1
4784,1
4788,1
4791,1
4794,1
4795,1
4796,1
4797,1
4801,1
4802,1
4803,1
4804,1
4805,1
4812,1
4814,1
4815,1
4816,1
4818,1
4821,1
4824,1
4826,1
4827,1
4828,1
4829,1
4830,1
4833,1
4835,1
4836,1
4837,1
4838,1
4839,1
4840,1
4841,1
4842,1
4843,1
4844,1
4845,1
4846,1
4848,1
4849,1
4852,1
4853,1
4854,1
4856,1
4857,1
4859,1
4862,1
4864,1
4866,1
4867,1
4868,1
4869,1
4870,1
4871,1
4872,1
4873,1
4874,1
4876,1
4877,1
4878,1
4879,1
4880,1
4884,1
4885,1
4886,1
4887,1
4891,1
4893,1
5477,1
5478,1
5479,1
5480,1
5481,1
5482,1
5483,1
5484,1
5485,1
5486,1
5487,1
5488,1
5489,1
5490,1
5491,1
5492,1
5493,1
5494,1
5495,1
5496,1
5497,1
5498,1
5499,1
5500,1
5501,1
5502,1
5503,1
5504,1
5505,1
5506,1
5507,1
5508,1
5509,1
5510,1
5511,1
5512,1
5513,1
5514,1
5515,1
5516,1
5517,1
5518,1
5519,1
5520,1
5521,1
5522,1
5523,1
5524,1
5525,1
5526,1
5527,1
5528,1
5529,1
5530,1
5531,1
5532,1
5533,1
5534,1
5535,1
5536,1
5537,1
5538,1
5539,1
5540,1
5541,1
5542,1
5543,1
5544,1
5545,1
5546,1
5547,1
5548,1
5549,1
5550,1
5551,1
5552,1
5553,1
5554,1
5555,1
5556,1
5557,1
5558,1
5559,1
5560,1
5561,1
5562,1
5563,1
5564,1
5565,1
5566,1
5567,1
5568,1
5569,1
5570,1
5571,1
5572,1
5573,1
5574,1
5575,1
5576,1
5577,1
5578,1
5579,1
5580,1
5581,1
5582,1
5583,1
5584,1
5585,1
5586,1
5587,1
5588,1
5589,1
5590,1
5591,1
5592,1
5593,1
5594,1
5595,1
5596,1
5597,1
5598,1
5599,1
5600,1
5601,1
5602,1
5603,1
5604,1
5605,1
5606,1
5607,1
5608,1
5609,1
5610,1
5694,1
5695,1
5696,1
5697,1
5698,1
5699,1
5700,1
5701,1
5702,1
5703,1
5704,1
5705,1
5706,1
5707,1
5709,1
5710,1
5711,1
5712,1
5713,1
5714,1
5715,1
5716,1
5717,1
5719,1
5720,1
5721,1
5722,1
5724,1
5725,1
5726,1
5727,1
5729,1
5731,1
5732,1
5733,1
5734,1
5735,1
5736,1
5737,1
5738,1
5739,1
5740,1
5741,1
5742,1
5743,1
5744,1
5745,1
5746,1
5747,1
5748,1
5749,1
5750,1
5751,1
5752,1
5753,1
5754,1
5755,1
5756,1
5757,1
5758,1
5759,1
5760,1
5761,1
5762,1
5763,1
5764,1
5765,1
5766,1
5767,1
5768,1
5769,1
5770,1
5771,1
5772,1
5773,1
5774,1
5775,1
5776,1
5777,1
5778,1
5779,1
5780,1
5781,1
5782,1
5783,1
5784,1
5785,1
5786,1
5787,1
5788,1
5789,1
5790,1
5791,1
5792,1
5793,1
5794,1
5795,1
5796,1
5797,1
5798,1
5799,1
5800,1
5802,1
5803,1
5804,1
5805,1
5806,1
5807,1
5808,1
5809,1
5810,1
5811,1
5813,1
5814,1
5815,1
5816,1
5817,1
5818,1
5819,1
5820,1
5822,1
5823,1
5824,1
5825,1
5826,1
5827,1
5828,1
5829,1
5830,1
5832,1
5833,1
5834,1
5835,1
5836,1
5837,1
5838,1
5839,1
5840,1
5841,1
5842,1
5843,1
5844,1
5845,1
5846,1
5847,1
5848,1
5849,1
5850,1
5851,1
5852,1
5854,1
5855,1
5857,1
5858,1
5859,1
5860,1
5861,1
5862,1
5863,1
5864,1
5865,1
5866,1
5867,1
5868,1
5870,1
5871,1
5872,1
5873,1
5874,1
5875,1
5876,1
5877,1
5878,1
5879,1
5880,1
5881,1
5883,1
5884,1
5885,1
5886,1
5888,1
5889,1
5890,1
5891,1
5892,1
5893,1
5894,1
5895,1
5896,1
5897,1
5898,1
5900,1
5901,1
5902,1
5903,1
5904,1
5905,1
5906,1
5907,1
5908,1
5909,1
5910,1
5911,1
5912,1
5913,1
5914,1
5916,1
5917,1
5918,1
5919,1
5920,1
5921,1
5922,1
5923,1
5924,1
5927,1
5928,1
5929,1
5930,1
5931,1
5932,1
5933,1
5934,1
5935,1
5936,1
5937,1
5938,1
5939,1
5940,1
5941,1
5942,1
5944,1
5945,1
5946,1
5947,1
5948,1
5949,1
5950,1
5951,1
5953,1
5955,1
5956,1
5957,1
5958,1
5959,1
5960,1
5961,1
5962,1
5963,1
5964,1
5965,1
5966,1
5967,1
5968,1
5969,1
5970,1
5971,1
5972,1
5974,1
5976,1
5977,1
5978,1
5979,1
5981,1
5982,1
5983,1
5984,1
5985,1
5986,1
5987,1
5988,1
5989,1
5991,1
5992,1
5994,1
5995,1
5996,1
5997,1
5998,1
6000,1
6001,1
6002,1
6003,1
6004,1
6005,1
6006,1
6007,1
6008,1
6009,1
6010,1
6012,1
6013,1
6014,1
6015,1
6016,1
6017,1
6018,1
6019,1
6020,1
6021,1
6022,1
6023,1
6024,1
6025,1
6026,1
6027,1
6029,1
6030,1
6032,1
6034,1
6035,1
6036,1
6037,1
6038,1
6039,1
6040,1
6041,1
6042,1
6044,1
6045,1
6046,1
6047,1
6048,1
6049,1
6050,1
6051,1
6052,1
6053,1
6054,1
6055,1
6056,1
6057,1
6058,1
6059,1
6060,1
6061,1
6062,1
6063,1
6064,1
6065,1
6066,1
6067,1
6068,1
6069,1
6070,1
6071,1
6072,1
6073,1
6074,1
6075,1
6076,1
6077,1
6078,1
6079,1
6080,1
6082,1
6083,1
6084,1
6085,1
6086,1
6087,1
6088,1
6089,1
6090,1
6091,1
6092,1
6093,1
6094,1
6095,1
6097,1
6098,1
6099,1
6101,1
6102,1
6103,1
6104,1
6105,1
6106,1
6107,1
6109,1
6110,1
6111,1
6114,1
6115,1
6116,1
6117,1
6118,1
6119,1
6120,1
6121,1
6122,1
6123,1
6124,1
6125,1
6126,1
6128,1
6129,1
6130,1
6131,1
6132,1
6133,1
6134,1
6135,1
6136,1
6137,1
6138,1
6139,1
6140,1
6141,1
6142,1
6143,1
6144,1
6145,1
6146,1
6147,1
6148,1
6149,1
6150,1
6151,1
6153,1
6154,1
6155,1
6156,1
6157,1
6158,1
6159,1
6160,1
6161,1
6162,1
6163,1
6164,1
6165,1
6167,1
6168,1
6169,1
6170,1
6171,1
6172,1
6173,1
6175,1
6176,1
6177,1
6178,1
6179,1
6181,1
6182,1
6183,1
6184,1
6185,1
6186,1
6187,1
6188,1
6189,1
6190,1
6191,1
6192,1
6193,1
6194,1
6195,1
6196,1
6197,1
6198,1
6199,1
6200,1
6201,1
6202,1
6203,1
6204,1
6205,1
6206,1
6207,1
6209,1
6210,1
6211,1
6212,1
6213,1
6214,1
6215,1
6216,1
6217,1
6218,1
6219,1
6220,1
6221,1
6222,1
6223,1
6224,1
6225,1
6226,1
6228,1
6229,1
6230,1
6231,1
6232,1
6233,1
6234,1
6235,1
6236,1
6237,1
6238,1
6239,1
6240,1
6241,1
6242,1
6243,1
6244,1
6245,1
6246,1
6247,1
6248,1
6249,1
6250,1
6251,1
6252,1
6253,1
6254,1
6255,1
6256,1
6257,1
6259,1
6260,1
6261,1
6262,1
6263,1
6264,1
6265,1
6266,1
6267,1
6268,1
6269,1
6270,1
6271,1
6272,1
6273,1
6274,1
6275,1
6276,1
6277,1
6278,1
6279,1
6280,1
6281,1
6282,1
6283,1
6284,1
6285,1
6286,1
6287,1
6289,1
6290,1
6292,1
6293,1
6294,1
6295,1
6296,1
6297,1
6298,1
6299,1
6300,1
6301,1
6302,1
6303,1
6304,1
6305,1
6306,1
6307,1
6309,1
6310,1
6311,1
6312,1
6313,1
6314,1
6315,1
6316,1
6317,1
6318,1
6319,1
6320,1
6321,1
6322,1
6323,1
6324,1
6327,1
6328,1
6329,1
6330,1
6331,1
6332,1
6333,1
6334,1
6335,1
6336,1
6337,1
6338,1
6339,1
6340,1
6341,1
6342,1
6343,1
6344,1
6345,1
6346,1
6347,1
6348,1
6350,1
6351,1
6352,1
6353,1
6354,1
6356,1
6357,1
6358,1
6361,1
6362,1
6363,1
6364,1
6365,1
6366,1
6367,1
6368,1
6369,1
6370,1
6371,1
6372,1
6373,1
6374,1
6375,1
6376,1
6377,1
6378,1
6380,1
6381,1
6382,1
6383,1
6385,1
6386,1
6387,1
6388,1
6390,1
6391,1
6392,1
6393,1
6394,1
6395,1
6396,1
6397,1
6398,1
6399,1
6400,1
6401,1
6402,1
6403,1
6404,1
6406,1
6407,1
6408,1
6409,1
6410,1
6411,1
6412,1
6413,1
6414,1
6415,1
6416,1
6417,1
6418,1
6419,1
6420,1
6421,1
6422,1
6423,1
6424,1
6425,1
6426,1
6427,1
6428,1
6429,1
6430,1
6431,1
6432,1
6433,1
6434,1
6435,1
6436,1
6437,1
6438,1
6439,1
6440,1
6441,1
6442,1
6443,1
6444,1
6445,1
6446,1
6447,1
6448,1
6449,1
6450,1
6451,1
6452,1
6453,1
6454,1
6456,1
6457,1
6458,1
6459,1
6461,1
6462,1
6463,1
6464,1
6465,1
6466,1
6467,1
6469,1
6470,1
6471,1
6472,1
6473,1
6474,1
6475,1
6476,1
6477,1
6478,1
6479,1
6480,1
6481,1
6482,1
6483,1
6484,1
6485,1
6486,1
6487,1
6488,1
6490,1
6491,1
6492,1
6493,1
6494,1
6495,1
6496,1
6497,1
6498,1
6499,1
6500,1
6501,1
6502,1
6503,1
6504,1
6505,1
6506,1
6507,1
6508,1
6509,1
6510,1
6511,1
6512,1
6513,1
6514,1
6516,1
6517,1
6518,1
6519,1
6520,1
6521,1
6522,1
6523,1
6524,1
6525,1
6526,1
6527,1
6529,1
6530,1
6532,1
6533,1
6534,1
6535,1
6537,1
6538,1
6539,1
6540,1
6541,1
6542,1
6545,1
6546,1
6548,1
6549,1
6550,1
6551,1
6552,1
6553,1
6554,1
6555,1
6556,1
6557,1
6558,1
6559,1
6560,1
6561,1
6562,1
6563,1
6564,1
6566,1
6567,1
6568,1
6569,1
6570,1
6571,1
6572,1
6573,1
6574,1
6575,1
6576,1
6577,1
6578,1
6579,1
6580,1
6581,1
6582,1
6583,1
6584,1
6585,1
6586,1
6587,1
6588,1
6590,1
6591,1
6592,1
6593,1
6594,1
6596,1
6597,1
6598,1
6599,1
6600,1
6601,1
6602,1
6603,1
6604,1
6605,1
6606,1
6607,1
6608,1
6609,1
6610,1
6612,1
6613,1
6614,1
6615,1
6616,1
6617,1
6618,1
6621,1
6622,1
6623,1
6624,1
6626,1
6627,1
6628,1
6629,1
6630,1
6631,1
6632,1
6633,1
6634,1
6637,1
6638,1
6639,1
6640,1
6641,1
6642,1
6643,1
6644,1
6645,1
6647,1
6648,1
6649,1
6650,1
6651,1
6652,1
6653,1
6654,1
6655,1
6656,1
6657,1
6659,1
6660,1
6661,1
6662,1
6663,1
6664,1
6665,1
6666,1
6667,1
6668,1
6670,1
6671,1
6672,1
6673,1
6674,1
6676,1
6677,1
6678,1
6679,1
6680,1
6681,1
6682,1
6684,1
6686,1
6687,1
6688,1
6690,1
6691,1
6692,1
6693,1
6694,1
6695,1
6696,1
6697,1
6698,1
6699,1
6700,1
6701,1
6702,1
6703,1
6704,1
6705,1
6706,1
6707,1
6708,1
6709,1
6710,1
6711,1
6713,1
6715,1
6716,1
6717,1
6719,1
6720,1
6721,1
6722,1
6723,1
6724,1
6725,1
6726,1
6727,1
6728,1
6729,1
6730,1
6731,1
6732,1
6734,1
6736,1
6737,1
6738,1
6739,1
6740,1
6741,1
6742,1
6743,1
6744,1
6745,1
6746,1
6747,1
6748,1
6750,1
6751,1
6752,1
6753,1
6754,1
6755,1
6756,1
6757,1
6758,1
6759,1
6760,1
6761,1
6762,1
6763,1
6764,1
6765,1
6766,1
6767,1
6768,1
6769,1
6770,1
6771,1
6772,1
6773,1
6774,1
6775,1
6776,1
6778,1
6779,1
6781,1
6782,1
6783,1
6784,1
6785,1
6786,1
6787,1
6788,1
6789,1
6790,1
6791,1
6792,1
6793,1
6794,1
6795,1
6796,1
6797,1
6799,1
6800,1
6801,1
6802,1
6803,1
6804,1
6805,1
6806,1
6807,1
6808,1
6809,1
6810,1
6811,1
6812,1
6813,1
6815,1
6816,1
6817,1
6819,1
6821,1
6822,1
6823,1
6824,1
6825,1
6826,1
6828,1
6830,1
6832,1
6833,1
6834,1
6836,1
6838,1
6839,1
6840,1
6841,1
6842,1
6843,1
6844,1
6845,1
6846,1
6847,1
6848,1
6849,1
6850,1
6851,1
6852,1
6854,1
6855,1
6856,1
6857,1
6858,1
6859,1
6861,1
6862,1
6863,1
6865,1
6866,1
6867,1
6868,1
6869,1
6870,1
6871,1
6872,1
6873,1
6874,1
6875,1
6876,1
6878,1
6879,1
6881,1
6882,1
6884,1
6886,1
6887,1
6888,1
6889,1
6890,1
6892,1
6893,1
6894,1
6895,1
6897,1
6899,1
6900,1
6901,1
6902,1
6903,1
6904,1
6905,1
6906,1
6908,1
6909,1
6912,1
6913,1
6914,1
6915,1
6916,1
6917,1
6918,1
6919,1
6920,1
6922,1
6925,1
6926,1
6928,1
6929,1
6930,1
6932,1
6934,1
6936,1
6937,1
6938,1
6939,1
6941,1
6942,1
6943,1
6944,1
6945,1
6946,1
6947,1
6948,1
6949,1
6950,1
6951,1
6952,1
6953,1
6954,1
6955,1
6956,1
6957,1
6959,1
6960,1
6962,1
6965,1
6966,1
6967,1
6968,1
6969,1
6970,1
6972,1
6973,1
6974,1
6975,1
6976,1
6977,1
6978,1
6979,1
6980,1
6981,1
6983,1
6984,1
6986,1
6987,1
6991,1
6992,1
6994,1
6999,1
7000,1
7002,1
7003,1
7004,1
7005,1
7008,1
7009,1
7011,1
7012,1
7013,1
7014,1
7015,1
7016,1
7017,1
7018,1
7020,1
7022,1
7023,1
7025,1
7026,1
7028,1
7030,1
7032,1
7034,1
7037,1
7042,1
7045,1
7046,1
7047,1
7048,1
7049,1
7050,1
7051,1
7052,1
7053,1
7054,1
7055,1
7056,1
7057,1
7058,1
7061,1
7062,1
7063,1
7064,1
7066,1
7068,1
7069,1
7071,1
7073,1
7074,1
7075,1
7076,1
7079,1
7081,1
7082,1
7083,1
7084,1
7085,1
7086,1
7087,1
7089,1
7090,1
7091,1
7092,1
7093,1
7095,1
7096,1
7097,1
7098,1
7099,1
7100,1
7103,1
7104,1
7105,1
7106,1
7110,1
7112,1
7114,1
7115,1
7116,1
7118,1
7120,1
7123,1
7124,1
7127,1
7128,1
7129,1
7132,1
7133,1
7136,1
7137,1
7138,1
7141,1
7145,1
7147,1
7148,1
7149,1
7151,1
7154,1
7155,1
7158,1
7159,1
7160,1
7161,1
7162,1
7165,1
7166,1
7169,1
7171,1
7172,1
7173,1
7174,1
7175,1
7176,1
7177,1
7179,1
7180,1
7182,1
7183,1
7184,1
7185,1
7187,1
7188,1
7190,1
7192,1
7193,1
7195,1
7202,1
7203,1
7206,1
7211,1
7212,1
7214,1
7219,1
7221,1
7222,1
7224,1
7225,1
7227,1
7230,1
7232,1
7240,1
7245,1
7247,1
7248,1
7251,1
7254,1
7259,1
7261,1
7262,1
7268,1
7269,1
7271,1
7276,1
7279,1
7284,1
7288,1
7290,1
7302,1
7306,1
7310,1
7319,1
7320,1
7321,1
7322,1
7323,1
7324,1
7325,1
7326,1
7327,1
7328,1
7329,1
7330,1
7331,1
7332,1
7333,1
7334,1
7335,1
7336,1
7337,1
7338,1
7339,1
7340,1
7341,1
7342,1
7343,1
7344,1
7345,1
7346,1
7347,1
7348,1
7349,1
7350,1
7351,1
7352,1
7353,1
7354,1
7355,1
7356,1
7357,1
7358,1
7359,1
7360,1
7361,1
7362,1
7363,1
7364,1
7365,1
7366,1
7367,1
7368,1
7369,1
7370,1
7371,1
7372,1
7373,1
7374,1
7375,1
7376,1
7377,1
7378,1
7379,1
7380,1
7381,1
7382,1
7383,1
7384,1
7385,1
7386,1
7387,1
7388,1
7389,1
7390,1
7391,1
7392,1
7393,1
7394,1
7395,1
7396,1
7397,1
7398,1
7399,1
7400,1
7401,1
7402,1
7403,1
7404,1
7405,1
7406,1
7407,1
7408,1
7409,1
7410,1
7411,1
7412,1
7413,1
7414,1
7415,1
7416,1
7417,1
7418,1
7419,1
7420,1
7421,1
7422,1
7423,1
7424,1
7425,1
7426,1
7427,1
7428,1
7429,1
7430,1
7431,1
7432,1
7433,1
7434,1
7435,1
7436,1
7437,1
7438,1
7439,1
7440,1
7441,1
7442,1
7443,1
7444,1
7445,1
7446,1
7447,1
7448,1
7449,1
7450,1
7451,1
7452,1
7453,1
7454,1
7455,1
7456,1
7457,1
7458,1
7459,1
7460,1
7461,1
7462,1
7463,1
7464,1
7465,1
7466,1
7467,1
7468,1
7469,1
7470,1
7471,1
7472,1
7473,1
7474,1
7475,1
7476,1
7477,1
7478,1
7479,1
7480,1
7481,1
7482,1
7483,1
7484,1
7485,1
7486,1
7487,1
7488,1
7489,1
7490,1
7492,1
7493,1
7494,1
7495,1
7496,1
7497,1
7498,1
7499,1
7500,1
7501,1
7502,1
7503,1
7504,1
7505,1
7509,1
7510,1
7511,1
7513,1
7514,1
7515,1
7518,1
7520,1
7521,1
7522,1
7526,1
7529,1
7530,1
7531,1
7532,1
7533,1
7536,1
7539,1
7540,1
7542,1
7544,1
7545,1
7546,1
7549,1
7551,1
7552,1
7553,1
7554,1
7556,1
7558,1
7559,1
7560,1
7562,1
7563,1
7564,1
7565,1
7566,1
7568,1
7571,1
7573,1
7574,1
7575,1
7576,1
7577,1
7580,1
7583,1
7584,1
7587,1
7589,1
7590,1
7595,1
7597,1
7598,1
7599,1
7600,1
7601,1
7603,1
7607,1
7608,1
7612,1
7613,1
7614,1
7616,1
7617,1
7618,1
7623,1
7624,1
7625,1
7627,1
7628,1
7629,1
7631,1
7632,1
7635,1
7636,1
7637,1
7638,1
7641,1
7642,1
7646,1
7647,1
7650,1
7651,1
7655,1
7656,1
7659,1
7660,1
7661,1
7662,1
7665,1
7666,1
7671,1
7672,1
7677,1
7681,1
7683,1
7684,1
7685,1
7691,1
7693,1
7694,1
7696,1
7698,1
7699,1
7701,1
7704,1
7705,1
7709,1
7712,1
7715,1
7716,1
7717,1
7719,1
7724,1
7725,1
7728,1
7729,1
7730,1
7735,1
7736,1
7737,1
7739,1
7740,1
7748,1
7749,1
7750,1
7755,1
7756,1
7757,1
7758,1
7759,1
7764,1
7767,1
7770,1
7771,1
7772,1
7773,1
7776,1
7779,1
7780,1
7781,1
7785,1
7787,1
7788,1
7789,1
7790,1
7791,1
7792,1
7793,1
7795,1
7796,1
7797,1
7798,1
7799,1
7800,1
7811,1
7817,1
7819,1
7821,1
7823,1
7824,1
7825,1
7830,1
7831,1
7832,1
7833,1
7835,1
7836,1
7840,1
7841,1
7844,1
7846,1
7849,1
7850,1
7852,1
7854,1
7855,1
7857,1
7860,1
7862,1
7863,1
7864,1
7866,1
7869,1
7873,1
7875,1
7877,1
7879,1
7880,1
7881,1
7883,1
7884,1
7887,1
7888,1
7891,1
7892,1
7893,1
7894,1
7897,1
7898,1
7899,1
7900,1
7903,1
7904,1
7906,1
7907,1
7909,1
7911,1
7914,1
7915,1
7916,1
7918,1
7922,1
7925,1
7926,1
7927,1
7928,1
7929,1
7930,1
7940,1
7941,1
7943,1
7947,1
7949,1
7951,1
7952,1
7955,1
7956,1
7957,1
7958,1
7961,1
7964,1
7966,1
7967,1
7972,1
7975,1
7976,1
7978,1
7979,1
7980,1
7982,1
7984,1
7994,1
7995,1
7996,1
7997,1
8000,1
8001,1
8003,1
8004,1
8007,1
8008,1
8009,1
8010,1
8011,1
8017,1
8018,1
8020,1
8021,1
8023,1
8025,1
8026,1
8027,1
8028,1
8029,1
8031,1
8033,1
8034,1
8037,1
8038,1
8039,1
8043,1
8044,1
8052,1
8055,1
8056,1
8058,1
8060,1
8062,1
8064,1
8066,1
8071,1
8072,1
8074,1
8080,1
8082,1
8083,1
8085,1
8086,1
8088,1
8089,1
8090,1
8092,1
8094,1
8095,1
8096,1
8099,1
8100,1
8101,1
8102,1
8105,1
8106,1
8107,1
8112,1
8115,1
8116,1
8120,1
8123,1
8126,1
8130,1
8131,1
8134,1
8136,1
8137,1
8138,1
8139,1
8141,1
8143,1
8145,1
8146,1
8147,1
8152,1
8153,1
8155,1
8156,1
8157,1
8158,1
8160,1
8162,1
8165,1
8168,1
8173,1
8177,1
8179,1
8180,1
8181,1
8183,1
8184,1
8185,1
8187,1
8190,1
8191,1
8192,1
8194,1
8196,1
8197,1
8198,1
8199,1
8200,1
8201,1
8202,1
8204,1
8207,1
8208,1
8209,1
8216,1
8219,1
8220,1
8221,1
8222,1
8223,1
8227,1
8230,1
8231,1
8232,1
8235,1
8236,1
8237,1
8238,1
8239,1
8241,1
8242,1
8243,1
8247,1
8249,1
8252,1
8255,1
8256,1
8257,1
8261,1
8263,1
8264,1
8266,1
8267,1
8268,1
8269,1
8271,1
8273,1
8276,1
8278,1
8279,1
8280,1
8281,1
8283,1
8284,1
8286,1
8287,1
8288,1
8293,1
8295,1
8296,1
8300,1
8301,1
8304,1
8307,1
8309,1
8310,1
8314,1
8315,1
8316,1
8318,1
8319,1
8320,1
8321,1
8322,1
8323,1
8325,1
8326,1
8327,1
8328,1
8329,1
8332,1
8333,1
8334,1
8335,1
8339,1
8340,1
8342,1
8344,1
8346,1
8350,1
8353,1
8354,1
8356,1
8357,1
8358,1
8359,1
8360,1
8361,1
8362,1
8363,1
8364,1
8365,1
8366,1
8367,1
8368,1
8369,1
8370,1
8371,1
8372,1
8373,1
8374,1
8375,1
8376,1
8377,1
8378,1
8379,1
8380,1
8381,1
8382,1
8383,1
8384,1
8385,1
8386,1
8387,1
8388,1
8389,1
8390,1
8391,1
8392,1
8393,1
8394,1
8395,1
8396,1
8397,1
8398,1
8399,1
8400,1
8401,1
8402,1
8403,1
8404,1
8405,1
8406,1
8407,1
8408,1
8409,1
8410,1
8411,1
8412,1
8413,1
8414,1
8415,1
8416,1
8417,1
8418,1
8419,1
8420,1
8421,1
8422,1
8423,1
8424,1
8425,1
8426,1
8427,1
8428,1
8429,1
8430,1
8431,1
8432,1
8433,1
8434,1
8435,1
8436,1
8437,1
8438,1
8439,1
8440,1
8441,1
8442,1
8443,1
8444,1
8445,1
8446,1
8447,1
8448,1
8449,1
8450,1
8451,1
8452,1
8453,1
8454,1
8455,1
8456,1
8457,1
8458,1
8459,1
8460,1
8461,1
8462,1
8463,1
8464,1
8465,1
8466,1
8467,1
8468,1
8469,1
8470,1
8471,1
8472,1
8473,1
8474,1
8475,1
8476,1
8477,1
8478,1
8479,1
8480,1
8481,1
8482,1
8483,1
8484,1
8485,1
8486,1
8487,1
8488,1
8489,1
8490,1
8491,1
8492,1
8493,1
8494,1
8495,1
8496,1
8497,1
8498,1
8499,1
8500,1
8501,1
8502,1
8503,1
8504,1
8505,1
8506,1
8507,1
8508,1
8509,1
8510,1
8511,1
8512,1
8513,1
8514,1
8515,1
8516,1
8517,1
8518,1
8519,1
8520,1
8521,1
8522,1
8523,1
8524,1
8525,1
8526,1
8527,1
8528,1
8529,1
8530,1
8531,1
8532,1
8533,1
8534,1
8535,1
8536,1
8537,1
8538,1
8539,1
8540,1
8541,1
8542,1
8543,1
8544,1
8545,1
8546,1
8547,1
8548,1
8549,1
8550,1
8551,1
8552,1
8553,1
8554,1
8555,1
8556,1
8557,1
8558,1
8559,1
8560,1
8561,1
8562,1
8563,1
8564,1
8565,1
8566,1
8567,1
8568,1
8569,1
8570,1
8571,1
8572,1
8573,1
8574,1
8575,1
8576,1
8577,1
8578,1
8579,1
8580,1
8581,1
8582,1
8583,1
8584,1
8585,1
8586,1
8587,1
8588,1
8589,1
8590,1
8591,1
8592,1
8593,1
8594,1
8595,1
8596,1
8597,1
8598,1
8599,1
8600,1
8601,1
8602,1
8603,1
8604,1
8605,1
8606,1
8607,1
8608,1
8609,1
8610,1
8611,1
8612,1
8613,1
8615,1
8616,1
8617,1
8618,1
8619,1
8620,1
8621,1
8622,1
8623,1
8624,1
8625,1
8626,1
8627,1
8628,1
8629,1
8630,1
8631,1
8632,1
8633,1
8634,1
8637,1
8638,1
8639,1
8640,1
8641,1
8642,1
8643,1
8644,1
8645,1
8646,1
8647,1
9053,1
9056,1
9057,1
9058,1
9059,1
9060,1
9061,1
9062,1
9063,1
9064,1
9065,1
9066,1
9067,1
9069,1
9076,1
9078,1
9079,1
9080,1
9081,1
9082,1
9217,1
9224,1
9228,1
9235,1
9255,1
9283,1
9303,1
9305,1
9311,1
9314,1
9316,1
9327,1
9329,1
9334,1
9336,1
9347,1
9349,1
9370,1
9380,1
9407,1
9411,1
9417,1
9427,1
9430,1
9434,1
9437,1
9440,1
9446,1
9447,1
9460,1
9513,1
9523,1
9540,1
9569,1
9573,1
9586,1
9595,1
9619,1
9626,1
9629,1
9656,1
9658,1
9662,1
9690,1
9694,1
9718,1
9738,1
9749,1
9752,1
9753,1
9764,1
9771,1
9774,1
9776,1
9787,1
9803,1
9804,1
9835,1
9853,1
10146,1
10147,1
10148,1
10149,1
10150,1
10151,1
10152,1
10154,1
10155,1
10157,1
10159,1
10160,1
10161,1
10163,1
10165,1
10167,1
10168,1
10169,1
10172,1
10173,1
10174,1
10176,1
10179,1
10180,1
10181,1
10182,1
10184,1
10185,1
10187,1
10190,1
10191,1
10192,1
10193,1
10194,1
10195,1
10197,1
10199,1
10201,1
10202,1
10203,1
10204,1
10205,1
10207,1
10209,1
10211,1
10212,1
10213,1
10214,1
10215,1
10216,1
10217,1
10218,1
10219,1
10220,1
10223,1
10224,1
10225,1
10226,1
10227,1
10228,1
10229,1
10230,1
10231,1
10232,1
10233,1
10234,1
10235,1
10236,1
10237,1
10238,1
10239,1
10240,1
10241,1
10242,1
10243,1
10244,1
10245,1
10246,1
10247,1
10248,1
10250,1
10251,1
10252,1
10253,1
10254,1
10255,1
10256,1
10257,1
10258,1
10259,1
10260,1
10261,1
10262,1
10264,1
10265,1
10266,1
10267,1
10268,1
10269,1
10270,1
10273,1
10274,1
10275,1
10276,1
10277,1
10278,1
10279,1
10282,1
10285,1
10286,1
10289,1
10290,1
10291,1
10292,1
10293,1
10294,1
10295,1
10297,1
10298,1
10299,1
10300,1
10301,1
10303,1
10304,1
10305,1
10306,1
10307,1
10308,1
10310,1
10312,1
10313,1
10315,1
10325,1
10326,1
10328,1
10329,1
10330,1
10333,1
10334,1
10338,1
10339,1
10344,1
10346,1
10348,1
10349,1
10350,1
10355,1
10356,1
10358,1
10359,1
10363,1
10364,1
10365,1
10366,1
10367,1
10369,1
10370,1
10374,1
10376,1
10379,1
10382,1
10390,1
10393,1
10399,1
10401,1
10404,1
10405,1
10406,1
10407,1
10408,1
10410,1
10411,1
10412,1
10415,1
10416,1
10417,1
10421,1
10425,1
10427,1
10430,1
10431,1
10432,1
10433,1
10435,1
10436,1
10437,1
10439,1
10440,1
10442,1
10443,1
10445,1
10448,1
10451,1
10453,1
10455,1
10458,1
10460,1
10463,1
10464,1
10466,1
10467,1
10469,1
10470,1
10471,1
10472,1
10474,1
10475,1
10476,1
10478,1
10479,1
10480,1
10481,1
10484,1
10487,1
10488,1
10490,1
10495,1
10497,1
10499,1
10501,1
10504,1
10505,1
10507,1
10510,1
10511,1
10513,1
10515,1
10518,1
10523,1
10524,1
10526,1
10528,1
10531,1
10532,1
10534,1
10535,1
10537,1
10539,1
10540,1
10542,1
10545,1
10546,1
10548,1
10552,1
10557,1
10559,1
10560,1
10561,1
10563,1
10564,1
10574,1
10576,1
10577,1
10580,1
10584,1
10587,1
10590,1
10591,1
10593,1
10596,1
10598,1
10599,1
10600,1
10602,1
10603,1
10606,1
10610,1
10611,1
10614,1
10616,1
10618,1
10619,1
10621,1
10623,1
10628,1
10629,1
10632,1
10633,1
10634,1
10636,1
10639,1
10640,1
10643,1
10646,1
10647,1
10649,1
10651,1
10652,1
10653,1
10655,1
10658,1
10661,1
10662,1
10663,1
10664,1
10665,1
10670,1
10678,1
10683,1
10685,1
10686,1
10689,1
10695,1
10697,1
10698,1
10699,1
10701,1
10705,1
10707,1
10708,1
10711,1
10715,1
10721,1
10727,1
10730,1
10731,1
10733,1
10734,1
10746,1
10747,1
10748,1
10756,1
10803,1
10804,1
10806,1
10807,1
10808,1
10809,1
10811,1
10812,1
10814,1
10817,1
10818,1
10820,1
10821,1
10823,1
10824,1
10825,1
10828,1
10829,1
10830,1
10832,1
10835,1
10838,1
10839,1
10840,1
10841,1
10844,1
10846,1
10848,1
10849,1
10850,1
10852,1
10853,1
10854,1
10855,1
10856,1
10857,1
10858,1
10859,1
10860,1
10861,1
10862,1
10863,1
10864,1
10865,1
10866,1
10867,1
10868,1
10869,1
10870,1
10871,1
10872,1
10873,1
10874,1
10875,1
10876,1
10877,1
10878,1
10879,1
10880,1
10881,1
10882,1
10883,1
10884,1
10885,1
10886,1
10887,1
10888,1
10889,1
10890,1
10891,1
10892,1
10893,1
10894,1
10895,1
10896,1
10897,1
10898,1
10899,1
10900,1
10901,1
10902,1
10903,1
10904,1
10905,1
10906,1
10907,1
10908,1
10909,1
10910,1
10911,1
10912,1
10913,1
10914,1
10915,1
10916,1
10917,1
10918,1
10919,1
10920,1
10921,1
10922,1
10923,1
10924,1
10925,1
10926,1
10927,1
10928,1
10929,1
10930,1
10931,1
10932,1
10933,1
10934,1
10935,1
10936,1
10937,1
10938,1
10939,1
10940,1
10941,1
10942,1
10943,1
10944,1
10945,1
10946,1
10947,1
10948,1
10949,1
10950,1
10951,1
10952,1
10953,1
10954,1
10955,1
10956,1
10957,1
10958,1
10959,1
10960,1
10961,1
10962,1
10963,1
10964,1
12972,1
12973,1
12974,1
13024,1
13025,1
13026,1
13027,1
13033,1
13036,1
13037,1
13041,1
13042,1
13043,1
13055,1
13056,1
13061,1
13062,1
13063,1
13065,1
13068,1
13069,1
13071,1
13072,1
13073,1
13074,1
13075,1
13076,1
13077,1
13081,1
13086,1
13087,1
13088,1
13090,1
13091,1
13092,1
13094,1
13102,1
13105,1
13108,1
13110,1
13111,1
13112,1
13116,1
13123,1
13126,1
13128,1
13130,1
13133,1
13136,1
13138,1
13140,1
13142,1
13143,1
13145,1
13147,1
13148,1
13150,1
13153,1
13163,1
13168,1
13170,1
13173,1
13174,1
13178,1
13181,1
13182,1
13184,1
13186,1
13191,1
13192,1
13194,1
13197,1
13199,1
13202,1
13211,1
13214,1
13215,1
13216,1
13218,1
13219,1
13220,1
13222,1
13224,1
13225,1
13226,1
13229,1
13231,1
13236,1
13238,1
13239,1
13242,1
13245,1
13246,1
13251,1
13273,1
13274,1
13275,1
13276,1
13277,1
13278,1
13279,1
13280,1
13281,1
13282,1
13283,1
13284,1
13285,1
13286,1
13287,1
13288,1
13289,1
13290,1
13291,1
13292,1
13293,1
13294,1
13295,1
13296,1
13297,1
13298,1
13299,1
13300,1
13301,1
13302,1
13303,1
13304,1
13305,1
13306,1
13307,1
13308,1
13309,1
13310,1
13311,1
13312,1
13313,1
13314,1
13315,1
13316,1
13335,1
13336,1
13337,1
13338,1
13339,1
13340,1
13341,1
13342,1
13343,1
13344,1
13345,1
13346,1
13347,1
13348,1
13349,1
13350,1
13351,1
13352,1
13353,1
13354,1
13355,1
13356,1
13357,1
13358,1
13359,1
13360,1
13361,1
13362,1
13363,1
13364,1
13365,1
13366,1
13367,1
13368,1
13369,1
13370,1
13372,1
13375,1
13377,1
13378,1
13380,1
13381,1
13382,1
13388,1
13389,1
13390,1
13391,1
13392,1
13393,1
13394,1
13395,1
13402,1
13406,1
13468,1
13469,1
13470,1
13471,1
13472,1
13473,1
13474,1
13475,1
13476,1
13477,1
13478,1
13479,1
13480,1
13481,1
13482,1
13483,1
13484,1
13485,1
13486,1
13487,1
13488,1
13489,1
13490,1
13491,1
13492,1
13493,1
13494,1
13495,1
13496,1
13497,1
13498,1
13499,1
13500,1
13501,1
13502,1
13503,1
13504,1
13505,1
13506,1
13507,1
13508,1
13509,1
13510,1
13511,1
13512,1
13513,1
13514,1
13515,1
13516,1
13517,1
13518,1
13519,1
13520,1
13521,1
13522,1
13523,1
13524,1
13525,1
13526,1
13527,1
13528,1
13529,1
13562,1
13563,1
13564,1
13565,1
13566,1
13567,1
13568,1
13569,1
13570,1
13571,1
13572,1
13573,1
13574,1
13575,1
13576,1
13577,1
13578,1
13579,1
13580,1
13581,1
13582,1
13583,1
13584,1
13585,1
13586,1
13587,1
13588,1
13589,1
13590,1
13591,1
13592,1
13593,1
13594,1
13595,1
13596,1
13597,1
13598,1
13599,1
13607,1
13608,1
13609,1
13610,1
13611,1
13612,1
13613,1
13614,1
13615,1
13616,1
13617,1
13618,1
13619,1
13620,1
13621,1
13622,1
13623,1
13624,1
13625,1
13626,1
13627,1
13628,1
13629,1
13630,1
13631,1
13632,1
13633,1
13634,1
13635,1
13636,1
13637,1
13638,1
13639,1
13640,1
13641,1
13642,1
13643,1
13644,1
13645,1
13646,1
13647,1
13664,1
13665,1
13666,1
13667,1
13668,1
13669,1
13670,1
13671,1
13672,1
13673,1
13674,1
13675,1
13676,1
13677,1
13678,1
13679,1
13680,1
13681,1
13682,1
13683,1
13684,1
13685,1
13686,1
13688,1
13689,1
13690,1
13691,1
13692,1
13693,1
13701,1
13702,1
13705,1
13707,1
13710,1
13712,1
13716,1
13717,1
13718,1
13721,1
13722,1
13723,1
13724,1
13725,1
13726,1
13729,1
13730,1
13735,1
13740,1
13744,1
13745,1
13746,1
13747,1
13748,1
13749,1
13750,1
13751,1
13752,1
13753,1
13754,1
13755,1
13756,1
13757,1
13758,1
13759,1
13760,1
13761,1
13762,1
13763,1
13764,1
13765,1
13766,1
13767,1
13768,1
13769,1
13770,1
13771,1
13772,1
13773,1
13774,1
13775,1
13776,1
13777,1
13778,1
13779,1
13780,1
13781,1
13782,1
13783,1
13784,1
13785,1
13788,1
13789,1
13790,1
13791,1
13792,1
13793,1
13794,1
13795,1
13796,1
13797,1
13798,1
13799,1
13802,1
13803,1
13804,1
13805,1
13807,1
13809,1
13810,1
13812,1
13813,1
13818,1
13820,1
13821,1
13822,1
13823,1
13824,1
13825,1
13831,1
13832,1
13833,1
13834,1
13835,1
13836,1
13837,1
13838,1
13839,1
13840,1
13841,1
13842,1
13852,1
13853,1
13854,1
13855,1
13856,1
13860,1
13864,1
13866,1
13868,1
13869,1
13875,1
13878,1
13880,1
13883,1
13884,1
13886,1
13888,1
13894,1
13898,1
13903,1
13904,1
13907,1
13910,1
13911,1
13912,1
13913,1
13914,1
13915,1
14638,1
14639,1
14640,1
14641,1
14642,1
14643,1
14644,1
14645,1
14646,1
14647,1
14648,1
14649,1
14650,1
14651,1
14652,1
14653,1
14654,1
14655,1
14656,1
14657,1
14658,1
14659,1
14660,1
14661,1
14662,1
14663,1
14664,1
14665,1
14666,1
14680,1
15020,1
15102,1
15104,1
15105,1
15107,1
15108,1
15109,1
15110,1
15111,1
15112,1
15113,1
15114,1
15115,1
15116,1
15117,1
15118,1
15119,1
15120,1
15121,1
15123,1
15126,1
15127,1
15134,1
15144,1
15145,1
15147,1
15150,1
15151,1
15152,1
15153,1
15154,1
15155,1
15157,1
15158,1
15161,1
15166,1
15167,1
15168,1
15169,1
15183,1
15184,1
15185,1
15186,1
15188,1
15189,1
15190,1
15191,1
15192,1
15193,1
15195,1
15196,1
15197,1
15198,1
15201,1
15203,1
15204,1
15205,1
15206,1
15207,1
15213,1
15214,1
15216,1
15218,1
15219,1
15220,1
15221,1
15222,1
15223,1
15234,1
15236,1
15238,1
15239,1
15240,1
15242,1
15244,1
15246,1
15247,1
15249,1
15253,1
15254,1
15255,1
15257,1
15258,1
15260,1
15262,1
15264,1
15265,1
15266,1
15268,1
15271,1
15272,1
15273,1
15275,1
15278,1
15279,1
15280,1
15281,1
15284,1
15285,1
15288,1
15289,1
15290,1
15292,1
15293,1
15294,1
15299,1
15300,1
15302,1
15305,1
15306,1
15307,1
15308,1
15309,1
15310,1
15313,1
15316,1
15319,1
15320,1
15321,1
15322,1
15324,1
15325,1
15326,1
15329,1
15330,1
15331,1
15332,1
15334,1
15339,1
15340,1
15342,1
15349,1
15350,1
15351,1
15354,1
15355,1
15356,1
15359,1
15361,1
15367,1
15369,1
15370,1
15373,1
15374,1
15375,1
15376,1
15377,1
15379,1
15380,1
15382,1
15385,1
15386,1
15389,1
15391,1
15394,1
15401,1
15410,1
15411,1
15415,1
15418,1
15419,1
15421,1
15422,1
15423,1
15424,1
15426,1
15427,1
15429,1
15430,1
15435,1
15439,1
15440,1
15441,1
15442,1
15443,1
15444,1
15446,1
15448,1
15452,1
15454,1
15458,1
15459,1
15460,1
15464,1
15465,1
15469,1
15471,1
15472,1
15473,1
15474,1
15475,1
15478,1
15480,1
15482,1
15483,1
15488,1
15489,1
15492,1
15493,1
15496,1
15500,1
15502,1
15503,1
15506,1
15507,1
15515,1
15519,1
15524,1
15526,1
15527,1
15531,1
15532,1
15534,1
15535,1
15539,1
15540,1
15541,1
15542,1
15549,1
15551,1
15552,1
15556,1
15562,1
15570,1
15572,1
15574,1
15575,1
15577,1
15578,1
15579,1
15583,1
15584,1
15588,1
15592,1
15593,1
15594,1
15596,1
15602,1
15603,1
15605,1
15607,1
15609,1
15610,1
15612,1
15613,1
15615,1
15618,1
15619,1
15620,1
15621,1
15622,1
15626,1
15627,1
15629,1
15633,1
15634,1
15636,1
15637,1
15639,1
15640,1
15644,1
15645,1
15648,1
15650,1
15657,1
15660,1
15661,1
15664,1
15665,1
15670,1
15671,1
15677,1
15680,1
15685,1
15686,1
15687,1
15688,1
15689,1
15690,1
15691,1
15692,1
15693,1
15696,1
15698,1
15699,1
15700,1
15701,1
15702,1
15704,1
15710,1
15714,1
15716,1
15717,1
15718,1
15719,1
15721,1
15722,1
15723,1
15726,1
15729,1
15730,1
15735,1
15738,1
15739,1
15741,1
15743,1
15746,1
15750,1
15751,1
15755,1
15756,1
15758,1
15759,1
15761,1
15762,1
15763,1
15765,1
15769,1
15773,1
15775,1
15778,1
15780,1
15782,1
15784,1
15785,1
15787,1
15789,1
15790,1
15793,1
15797,1
15799,1
15801,1
15802,1
15803,1
15805,1
15806,1
15807,1
15808,1
15811,1
15813,1
15814,1
15816,1
15817,1
15820,1
15823,1
15825,1
15826,1
15828,1
15829,1
15830,1
15833,1
15835,1
15836,1
15837,1
15838,1
15839,1
15844,1
15845,1
15846,1
15851,1
15852,1
15857,1
15860,1
15863,1
15864,1
15865,1
15866,1
15867,1
15869,1
15870,1
15874,1
15875,1
15879,1
15881,1
15882,1
15887,1
15888,1
15890,1
15891,1
15893,1
15896,1
15898,1
15900,1
15901,1
15904,1
15905,1
15907,1
15908,1
15909,1
15912,1
15913,1
15914,1
15915,1
15916,1
15918,1
15921,1
15923,1
15924,1
15926,1
15927,1
15929,1
15931,1
15932,1
15934,1
15936,1
15937,1
15939,1
15940,1
15941,1
15942,1
15945,1
15947,1
15950,1
15952,1
15953,1
15956,1
15959,1
15961,1
15963,1
15965,1
15972,1
15973,1
15974,1
15977,1
15980,1
15982,1
15983,1
15984,1
15988,1
15991,1
15992,1
15993,1
15995,1
15998,1
15999,1
16000,1
16001,1
16002,1
16004,1
16010,1
16011,1
16012,1
16014,1
16016,1
16018,1
16020,1
16023,1
16024,1
16025,1
16027,1
16029,1
16030,1
16033,1
16036,1
16042,1
16043,1
16045,1
16046,1
16047,1
16048,1
16049,1
16050,1
16052,1
16054,1
16055,1
16056,1
16057,1
16060,1
16061,1
16062,1
16064,1
16065,1
16066,1
16067,1
16068,1
16069,1
16070,1
16073,1
16074,1
16077,1
16078,1
16086,1
16087,1
16089,1
16090,1
16093,1
16095,1
16099,1
16100,1
16101,1
16102,1
16103,1
16105,1
16109,1
16110,1
16111,1
16113,1
16114,1
16115,1
16116,1
16118,1
16119,1
16120,1
16121,1
16123,1
16124,1
16125,1
16132,1
16133,1
16136,1
16137,1
16139,1
16140,1
16141,1
16142,1
16144,1
16146,1
16147,1
16151,1
16157,1
16159,1
16161,1
16162,1
16163,1
16164,1
16165,1
16166,1
16168,1
16170,1
16173,1
16174,1
16177,1
16179,1
16180,1
16190,1
16194,1
16196,1
16198,1
16201,1
16202,1
16203,1
16205,1
16211,1
16212,1
16214,1
16216,1
16218,1
16220,1
16226,1
16228,1
16231,1
16236,1
16239,1
16240,1
16241,1
16242,1
16247,1
16249,1
16252,1
16253,1
16254,1
16255,1
16256,1
16257,1
16259,1
16260,1
16262,1
16264,1
16265,1
16266,1
16268,1
16269,1
16270,1
16272,1
16273,1
16275,1
16276,1
16278,1
16279,1
16280,1
16286,1
16287,1
16288,1
16290,1
16291,1
16296,1
16297,1
16300,1
16301,1
16302,1
16303,1
16306,1
16309,1
16310,1
16311,1
16312,1
16314,1
16315,1
16316,1
16318,1
16320,1
16327,1
16331,1
16334,1
16335,1
16339,1
16340,1
16341,1
16342,1
16343,1
16345,1
16347,1
16348,1
16349,1
16350,1
16352,1
16353,1
16354,1
16356,1
16358,1
16360,1
16361,1
16363,1
16364,1
16372,1
16376,1
16378,1
16381,1
16384,1
16386,1
16387,1
16390,1
16391,1
16393,1
16394,1
16396,1
16397,1
16398,1
16402,1
16403,1
16406,1
16407,1
16408,1
16409,1
16411,1
16413,1
16415,1
16416,1
16418,1
16423,1
16425,1
16426,1
16427,1
16429,1
16430,1
16432,1
16433,1
16438,1
16439,1
16446,1
16447,1
16448,1
16450,1
16452,1
16453,1
16454,1
16455,1
16458,1
16459,1
16460,1
16461,1
16463,1
16464,1
16469,1
16471,1
16476,1
16477,1
16480,1
16481,1
16483,1
16484,1
16485,1
16492,1
16494,1
16497,1
16498,1
16499,1
16500,1
16503,1
16505,1
16506,1
16510,1
16511,1
16514,1
16516,1
16517,1
16518,1
16522,1
16523,1
16525,1
16526,1
16530,1
16533,1
16536,1
16537,1
16539,1
16540,1
16541,1
16545,1
16546,1
16548,1
16549,1
16552,1
16555,1
16557,1
16558,1
16559,1
16561,1
16563,1
16564,1
16565,1
16568,1
16570,1
16573,1
16574,1
16577,1
16578,1
16579,1
16580,1
16583,1
16584,1
16585,1
16587,1
16590,1
16592,1
16594,1
16596,1
16598,1
16599,1
16600,1
16601,1
16602,1
16604,1
16605,1
16611,1
16612,1
16617,1
16619,1
16620,1
16621,1
16625,1
16626,1
16630,1
16633,1
16634,1
16635,1
16636,1
16637,1
16638,1
16639,1
16643,1
16649,1
16651,1
16652,1
16653,1
16654,1
16655,1
16656,1
16658,1
16659,1
16660,1
16661,1
16662,1
16664,1
16665,1
16666,1
16667,1
16671,1
16675,1
16677,1
16679,1
16680,1
16681,1
16683,1
16686,1
16691,1
16692,1
16697,1
16698,1
16699,1
16700,1
16702,1
16704,1
16705,1
16706,1
16712,1
16713,1
16714,1
16715,1
16716,1
16720,1
16721,1
16723,1
16728,1
16730,1
16731,1
16734,1
16735,1
16738,1
16742,1
16749,1
16752,1
16755,1
16757,1
16758,1
16759,1
16761,1
16762,1
16766,1
16767,1
16771,1
16774,1
16777,1
16778,1
16784,1
16785,1
16788,1
16790,1
16798,1
16800,1
16806,1
16807,1
16808,1
16812,1
16814,1
16816,1
16817,1
16818,1
16819,1
16820,1
16822,1
16823,1
16827,1
16828,1
16829,1
16831,1
16832,1
16835,1
16836,1
16837,1
16838,1
16840,1
16842,1
16843,1
16847,1
16848,1
16850,1
16853,1
16857,1
16858,1
16859,1
16860,1
16864,1
16865,1
16871,1
16873,1
16878,1
16879,1
16880,1
16881,1
16882,1
16884,1
16885,1
16887,1
16892,1
16896,1
16898,1
16899,1
16900,1
16901,1
16904,1
16905,1
16906,1
16907,1
16908,1
16910,1
16912,1
16914,1
16920,1
16925,1
16926,1
16930,1
16932,1
16934,1
16935,1
16936,1
16938,1
16939,1
16947,1
16950,1
16953,1
16954,1
16955,1
16958,1
16960,1
16961,1
16962,1
16964,1
16966,1
16969,1
16970,1
16971,1
16972,1
16973,1
16977,1
16978,1
16979,1
16980,1
16981,1
16982,1
16984,1
16990,1
16991,1
16992,1
16993,1
16997,1
16998,1
17000,1
17003,1
17004,1
17005,1
17008,1
17009,1
17012,1
17014,1
17015,1
17016,1
17019,1
17025,1
17026,1
17028,1
17029,1
17030,1
17032,1
17033,1
17038,1
17040,1
17041,1
17044,1
17045,1
17046,1
17047,1
17048,1
17050,1
17051,1
17054,1
17056,1
17059,1
17060,1
17061,1
17062,1
17063,1
17064,1
17066,1
17067,1
17068,1
17069,1
17070,1
17071,1
17072,1
17073,1
17074,1
17075,1
17076,1
17077,1
17078,1
17079,1
17080,1
17081,1
17082,1
17085,1
17086,1
17087,1
17088,1
17089,1
17090,1
17104,1
17105,1
17106,1
17113,1
17114,1
17115,1
17116,1
17117,1
17118,1
17120,1
17121,1
17122,1
17123,1
17126,1
17127,1
17128,1
17129,1
17130,1
17131,1
17132,1
17134,1
17136,1
17137,1
17138,1
17139,1
17141,1
17142,1
17143,1
17145,1
17147,1
17243,1
17257,1
17462,1
17463,1
17464,1
17554,1
17558,1
17559,1
17562,1
17566,1
17724,1
17725,1
17730,1
17742,1
17743,1
17748,1
17749,1
17759,1
17772,1
17775,1
17776,1
17780,1
17783,1
17792,1
17793,1
17843,1
17846,1
17848,1
17853,1
17857,1
17861,1
17863,1
17866,1
17867,1
17869,1
17870,1
17872,1
17874,1
17895,1
17898,1
17904,1
17912,1
17925,1
17926,1
17927,1
17929,1
17930,1
17934,1
17936,1
17950,1
17953,1
17956,1
17958,1
18105,1
18106,1
18108,1
18128,1
18139,1
18157,1
18167,1
18188,1
18189,1
18194,1
18196,1
18200,1
18298,1
18299,1
18300,1
18301,1
18302,1
18303,1
18304,1
18305,1
18306,1
19219,1
19222,1
19223,1
19225,1
21104,1
21106,1
21113,1
21115,1
21116,1
21118,1
21121,1
21130,1
21132,1
21135,1
21136,1
21138,1
21141,1
21147,1
21148,1
21149,1
21150,1
21153,1
21160,1
21161,1
21163,1
21166,1
21167,1
21171,1
21173,1
21174,1
21177,1
21179,1
21182,1
21183,1
21186,1
21188,1
21189,1
21190,1
21191,1
21192,1
21198,1
21200,1
21201,1
21203,1
21207,1
21210,1
21211,1
21212,1
21213,1
21215,1
21218,1
21221,1
21224,1
21225,1
21228,1
21229,1
21234,1
21235,1
21236,1
21241,1
21245,1
21250,1
21251,1
21252,1
21253,1
21256,1
21257,1
21260,1
21261,1
21263,1
21265,1
21269,1
21273,1
21274,1
21275,1
21278,1
21281,1
21283,1
21285,1
21289,1
21290,1
21291,1
21295,1
21303,1
21308,1
21310,1
21314,1
21317,1
21319,1
21320,1
21321,1
21323,1
21326,1
21334,1
21336,1
21337,1
21340,1
21341,1
21342,1
21344,1
21345,1
21346,1
21349,1
21353,1
21361,1
21363,1
21367,1
21375,1
21377,1
21390,1
21393,1
21394,1
21399,1
21405,1
21407,1
21408,1
21409,1
21414,1
21418,1
21422,1
21423,1
21431,1
21434,1
21435,1
21440,1
21442,1
21445,1
21448,1
21454,1
21456,1
21458,1
21460,1
21462,1
21465,1
21468,1
21470,1
21476,1
21478,1
21484,1
21488,1
21493,1
21494,1
21495,1
21501,1
21504,1
21505,1
21507,1
21510,1
21514,1
21516,1
21519,1
21524,1
21527,1
21528,1
21533,1
21535,1
21536,1
21538,1
21545,1
21549,1
21556,1
21557,1
21558,1
21560,1
21561,1
21563,1
21572,1
21575,1
21579,1
21583,1
21585,1
21586,1
21589,1
21590,1
21591,1
21593,1
21598,1
21600,1
21603,1
21605,1
21607,1
21608,1
21609,1
21610,1
21611,1
21613,1
21614,1
21615,1
21616,1
21621,1
21622,1
21623,1
21624,1
21625,1
21626,1
21629,1
21631,1
21634,1
21641,1
21642,1
21644,1
21648,1
21652,1
21653,1
21655,1
21656,1
21657,1
21658,1
21660,1
21662,1
21663,1
21666,1
21669,1
21672,1
21673,1
21675,1
21676,1
21678,1
21679,1
21681,1
21688,1
21692,1
21694,1
21695,1
21696,1
21698,1
21702,1
21708,1
21709,1
21710,1
21711,1
21715,1
21717,1
21722,1
21725,1
21727,1
21728,1
21731,1
21732,1
21733,1
21734,1
21741,1
21742,1
21744,1
21745,1
21748,1
21755,1
21760,1
21761,1
21764,1
21767,1
21768,1
21769,1
21770,1
21771,1
21772,1
21776,1
21781,1
21783,1
21789,1
21792,1
21793,1
21799,1
21800,1
21801,1
21807,1
21815,1
21816,1
21822,1
21824,1
21825,1
21826,1
21828,1
21833,1
21836,1
21844,1
21847,1
21856,1
21859,1
21861,1
21862,1
21863,1
21871,1
21872,1
21878,1
21880,1
21888,1
21889,1
21892,1
21894,1
21899,1
21904,1
21907,1
21910,1
21911,1
21913,1
21917,1
21918,1
21921,1
21925,1
21927,1
21932,1
21937,1
21941,1
21945,1
21947,1
21952,1
21953,1
21955,1
21960,1
21961,1
21965,1
21969,1
21972,1
21976,1
21984,1
21986,1
21988,1
21994,1
21995,1
21999,1
22000,1
22002,1
22003,1
22007,1
22012,1
22016,1
22018,1
22019,1
22022,1
22032,1
22033,1
22035,1
22042,1
22043,1
22044,1
22045,1
22048,1
22050,1
22052,1
22057,1
22060,1
22062,1
22064,1
22067,1
22068,1
22070,1
22072,1
22074,1
22076,1
22078,1
22086,1
22087,1
22089,1
22096,1
22105,1
22108,1
22110,1
22113,1
22114,1
22115,1
22121,1
22128,1
22129,1
22131,1
22133,1
22136,1
22137,1
22138,1
22142,1
22145,1
22146,1
22155,1
22157,1
22160,1
22164,1
22166,1
22168,1
22174,1
22178,1
22179,1
22180,1
22188,1
22189,1
22190,1
22196,1
22197,1
22199,1
22204,1
22205,1
22212,1
22214,1
22215,1
22217,1
22218,1
22244,1
22246,1
22255,1
22258,1
22259,1
22262,1
22264,1
22266,1
22269,1
22270,1
22273,1
22274,1
22287,1
22288,1
22289,1
22292,1
22305,1
22307,1
22321,1
22322,1
22325,1
22332,1
22335,1
22336,1
22340,1
22341,1
22342,1
22344,1
22351,1
22353,1
22354,1
22357,1
22365,1
22366,1
22367,1
22368,1
22370,1
22374,1
22375,1
22378,1
22380,1
22383,1
22384,1
22389,1
22398,1
22399,1
22401,1
22403,1
22404,1
22411,1
22416,1
22421,1
22429,1
22431,1
22439,1
22440,1
22441,1
22442,1
22443,1
22444,1
22450,1
22451,1
22454,1
22456,1
22458,1
22459,1
22463,1
22465,1
22467,1
22473,1
22477,1
22480,1
22481,1
22482,1
22484,1
22485,1
22486,1
22489,1
22495,1
22496,1
22499,1
22506,1
22512,1
22515,1
22518,1
22520,1
22523,1
22524,1
22525,1
22527,1
22528,1
22531,1
22532,1
22534,1
22537,1
22539,1
22541,1
22549,1
22553,1
22557,1
22558,1
22564,1
22566,1
22568,1
22569,1
22571,1
22572,1
22575,1
22578,1
22579,1
22580,1
22581,1
22586,1
22590,1
22592,1
22593,1
22597,1
22599,1
22600,1
22603,1
22605,1
22606,1
22612,1
22613,1
22617,1
22619,1
22622,1
22624,1
22626,1
22631,1
22638,1
22640,1
22648,1
22649,1
22650,1
22651,1
22652,1
22653,1
22654,1
22655,1
22658,1
22662,1
22663,1
22665,1
22666,1
22669,1
22670,1
22673,1
22677,1
22679,1
22683,1
22684,1
22689,1
22691,1
22701,1
22703,1
22713,1
22716,1
22718,1
22723,1
22728,1
22729,1
22731,1
22733,1
22734,1
22735,1
22736,1
22737,1
22738,1
22741,1
22745,1
22749,1
22752,1
22753,1
22762,1
22764,1
22765,1
22766,1
22771,1
22772,1
22785,1
22786,1
22787,1
22792,1
22805,1
22806,1
22809,1
22813,1
22821,1
22824,1
22826,1
22827,1
22830,1
22833,1
22835,1
22837,1
22844,1
22846,1
22850,1
22851,1
22854,1
22859,1
22860,1
22865,1
22868,1
22869,1
22871,1
22877,1
22878,1
22881,1
22882,1
22883,1
22886,1
22888,1
22895,1
22898,1
22904,1
22907,1
22911,1
22922,1
22923,1
22925,1
22927,1
22928,1
22933,1
22934,1
22937,1
22940,1
22945,1
22956,1
22961,1
22968,1
22970,1
22980,1
22987,1
22999,1
23000,1
23010,1
23015,1
23027,1
23048,1
23055,1
23061,1
23073,1
23074,1
23083,1
23101,1
23108,1
23113,1
23120,1
23125,1
23129,1
23139,1
23150,1
23151,1
23157,1
23179,1
23232,1
23237,1
23269,1
23270,1
23280,1
23286,1
23302,1
23313,1
23316,1
23327,1
23344,1
23346,1
23347,1
23348,1
23349,1
23361,1
23381,1
23383,1
23403,1
23415,1
23423,1
23435,1
23439,1
23440,1
23442,1
23447,1
23451,1
23457,1
23460,1
23462,1
23463,1
23467,1
23468,1
23473,1
23489,1
23491,1
23494,1
23495,1
23509,1
23524,1
23530,1
23535,1
23545,1
23551,1
23559,1
23562,1
23574,1
23583,1
23584,1
23586,1
23590,1
23591,1
23592,1
23594,1
23599,1
23602,1
23607,1
23609,1
23611,1
23618,1
23619,1
23622,1
23625,1
23631,1
23636,1
23647,1
23653,1
23659,1
23663,1
23671,1
23712,1
23725,1
23726,1
23738,1
23746,1
23762,1
23767,1
23768,1
23777,1
23780,1
23781,1
23786,1
23802,1
23809,1
23811,1
23813,1
23821,1
23822,1
23825,1
23826,1
23831,1
23835,1
23836,1
23839,1
23845,1
23851,1
23854,1
23858,1
23861,1
23862,1
23868,1
23871,1
23877,1
23878,1
23889,1
23892,1
23894,1
23899,1
23908,1
23912,1
23914,1
23915,1
23916,1
23919,1
23935,1
23937,1
23940,1
23942,1
23949,1
23952,1
23958,1
23963,1
23964,1
23969,1
23975,1
23976,1
23986,1
23993,1
23996,1
23997,1
23999,1
24001,1
24002,1
24003,1
24004,1
24008,1
24010,1
24017,1
24027,1
24030,1
24034,1
24038,1
24040,1
24043,1
24050,1
24054,1
24056,1
24061,1
24063,1
24064,1
24068,1
24070,1
24073,1
24086,1
24087,1
24088,1
24089,1
24107,1
24109,1
24115,1
24118,1
24130,1
24132,1
24135,1
24136,1
24140,1
24151,1
24155,1
24159,1
24160,1
24164,1
24171,1
24174,1
24185,1
24187,1
24215,1
24217,1
24221,1
24224,1
24227,1
24229,1
24237,1
24245,1
24246,1
24250,1
24257,1
24263,1
24272,1
24303,1
24311,1
24312,1
24316,1
24319,1
24326,1
24341,1
24345,1
24348,1
24356,1
24362,1
24378,1
24381,1
24390,1
2251,2
2252,2
2253,2
2254,2
2255,2
2256,2
2258,2
2260,2
2261,2
2262,2
2263,2
2264,2
2266,2
2268,2
2271,2
2272,2
2273,2
2274,2
2275,2
2277,2
2279,2
2280,2
2283,2
2284,2
2286,2
2287,2
2294,2
2296,2
2298,2
2299,2
2303,2
2304,2
2305,2
2308,2
2309,2
2311,2
2313,2
2314,2
2315,2
2316,2
2317,2
2321,2
2324,2
2325,2
2327,2
2329,2
2333,2
2334,2
2335,2
2336,2
2337,2
2338,2
2339,2
2341,2
2342,2
2343,2
2344,2
2345,2
2348,2
2349,2
2351,2
2352,2
2355,2
2356,2
2358,2
2359,2
2362,2
2363,2
2364,2
2365,2
2366,2
2367,2
2368,2
2369,2
2370,2
2371,2
2372,2
2375,2
2376,2
2377,2
2378,2
2379,2
2380,2
2381,2
2382,2
2383,2
2384,2
2386,2
2387,2
2388,2
2389,2
2390,2
2392,2
2393,2
2394,2
2396,2
2398,2
2399,2
2402,2
2403,2
2404,2
2405,2
2406,2
2407,2
2409,2
2410,2
2411,2
2412,2
2414,2
2417,2
2418,2
2419,2
2420,2
2421,2
2422,2
2423,2
2424,2
2425,2
2428,2
2429,2
2433,2
2435,2
2436,2
2437,2
2439,2
2441,2
2444,2
2445,2
2449,2
2450,2
2453,2
2454,2
2456,2
2457,2
2458,2
2460,2
2462,2
2464,2
2465,2
2466,2
2467,2
2468,2
2469,2
2470,2
2474,2
2476,2
2477,2
2478,2
2479,2
2480,2
2481,2
2482,2
2484,2
2486,2
2488,2
2489,2
2491,2
2494,2
2495,2
2497,2
2498,2
2499,2
2502,2
2503,2
2504,2
2505,2
2511,2
2514,2
2515,2
2516,2
2517,2
2519,2
2521,2
2522,2
2524,2
2526,2
2527,2
2528,2
2529,2
2530,2
2532,2
2533,2
2534,2
2535,2
2536,2
2537,2
2540,2
2544,2
2545,2
2546,2
2547,2
2548,2
2549,2
2551,2
2553,2
2555,2
2556,2
2558,2
2560,2
2562,2
2563,2
2565,2
2566,2
2570,2
2571,2
2574,2
2577,2
2578,2
2579,2
2581,2
2583,2
2584,2
2585,2
2586,2
2587,2
2588,2
2589,2
2591,2
2594,2
2598,2
2599,2
2601,2
2602,2
2607,2
2608,2
2610,2
2611,2
2612,2
2613,2
2614,2
2616,2
2617,2
2620,2
2621,2
2622,2
2623,2
2624,2
2625,2
2626,2
2627,2
2630,2
2632,2
2634,2
2636,2
2637,2
2638,2
2639,2
2640,2
2642,2
2643,2
2644,2
2645,2
2646,2
2649,2
2650,2
2651,2
2652,2
2653,2
2655,2
2656,2
2657,2
2658,2
2659,2
2660,2
2661,2
2665,2
2666,2
2667,2
2668,2
2669,2
2670,2
2671,2
2674,2
2678,2
2680,2
2682,2
2683,2
2684,2
2686,2
2688,2
2690,2
2691,2
2694,2
2698,2
2699,2
2700,2
2703,2
2704,2
2705,2
2706,2
2707,2
2708,2
2709,2
2711,2
2712,2
2713,2
2714,2
2716,2
2718,2
2720,2
2723,2
2724,2
2726,2
2729,2
2737,2
2738,2
2739,2
2741,2
2743,2
2744,2
2746,2
2748,2
2749,2
2751,2
2753,2
2754,2
2755,2
2756,2
2757,2
2758,2
2764,2
2766,2
2767,2
2768,2
2773,2
2776,2
2777,2
2778,2
2779,2
2784,2
2789,2
2790,2
2793,2
2794,2
2795,2
2796,2
2797,2
2798,2
2799,2
2804,2
2805,2
2807,2
2808,2
2809,2
2810,2
2811,2
2812,2
2814,2
2816,2
2817,2
2818,2
2820,2
2825,2
2826,2
2827,2
2828,2
2831,2
2833,2
2834,2
2836,2
2840,2
2841,2
2842,2
2845,2
2846,2
2849,2
2852,2
2855,2
2857,2
2858,2
2859,2
2860,2
2861,2
2866,2
2867,2
2868,2
2869,2
2871,2
2873,2
2876,2
2879,2
2881,2
2884,2
2886,2
2888,2
2890,2
2891,2
2892,2
2894,2
2895,2
2896,2
2899,2
2902,2
2904,2
2905,2
2906,2
2907,2
2910,2
2912,2
2913,2
2914,2
2915,2
2917,2
2918,2
2919,2
2920,2
2921,2
2922,2
2923,2
2928,2
2930,2
2931,2
2933,2
2939,2
2941,2
2943,2
2945,2
2948,2
2949,2
2952,2
2955,2
2956,2
2957,2
2958,2
2959,2
2960,2
2962,2
2963,2
2964,2
2965,2
2967,2
2968,2
2969,2
2970,2
2971,2
2973,2
2975,2
2976,2
2977,2
2980,2
2981,2
2982,2
2986,2
2987,2
2988,2
2991,2
2992,2
2993,2
2994,2
2995,2
2996,2
2998,2
2999,2
3000,2
3001,2
3002,2
3004,2
3005,2
3008,2
3009,2
3010,2
3011,2
3012,2
3013,2
3015,2
3016,2
3017,2
3019,2
3021,2
3025,2
3028,2
3029,2
3032,2
3034,2
3035,2
3038,2
3042,2
3046,2
3047,2
3048,2
3049,2
3050,2
3052,2
3053,2
3054,2
3055,2
3056,2
3057,2
3058,2
3059,2
3060,2
3061,2
3063,2
3064,2
3066,2
3067,2
3068,2
3070,2
3072,2
3074,2
3077,2
3080,2
3084,2
3085,2
3086,2
3087,2
3089,2
3090,2
3092,2
3094,2
3095,2
3096,2
3097,2
3098,2
3099,2
3100,2
3104,2
3106,2
3108,2
3113,2
3114,2
3116,2
3119,2
3122,2
3123,2
3124,2
3129,2
3130,2
3131,2
3133,2
3134,2
3135,2
3136,2
3137,2
3139,2
3140,2
3141,2
3142,2
3144,2
3146,2
3150,2
3151,2
3152,2
3153,2
3154,2
3155,2
3156,2
3158,2
3160,2
3162,2
3163,2
3167,2
3168,2
3170,2
3171,2
3173,2
3182,2
3184,2
3186,2
3187,2
3188,2
3193,2
3194,2
3198,2
3199,2
3200,2
3202,2
3203,2
3204,2
3205,2
3208,2
3210,2
3211,2
3213,2
3216,2
3217,2
3218,2
3219,2
3221,2
3223,2
3226,2
3227,2
3229,2
3230,2
3232,2
3234,2
3236,2
3237,2
3240,2
3241,2
3244,2
3247,2
3248,2
3250,2
3252,2
3256,2
3262,2
3264,2
3265,2
3268,2
3274,2
3275,2
3276,2
3280,2
3281,2
3282,2
3283,2
3285,2
3286,2
3290,2
3291,2
3292,2
3294,2
3295,2
3296,2
3300,2
3301,2
3302,2
3308,2
3310,2
3312,2
3313,2
3314,2
3318,2
3319,2
3321,2
3322,2
3326,2
3327,2
3328,2
3329,2
3331,2
3334,2
3335,2
3336,2
3338,2
3339,2
3342,2
3343,2
3344,2
3345,2
3346,2
3349,2
3351,2
3352,2
3353,2
3355,2
3357,2
3358,2
3360,2
3361,2
3362,2
3363,2
3364,2
3366,2
3367,2
3368,2
3369,2
3370,2
3372,2
3373,2
3374,2
3375,2
3380,2
3381,2
3382,2
3386,2
3387,2
3389,2
3390,2
3392,2
3393,2
3395,2
3396,2
3397,2
3400,2
3401,2
3402,2
3405,2
3408,2
3410,2
3411,2
3415,2
3416,2
3418,2
3419,2
3424,2
3428,2
3432,2
3436,2
3439,2
3440,2
3444,2
3446,2
3448,2
3450,2
3452,2
3453,2
3454,2
3456,2
3457,2
3458,2
3460,2
3461,2
3463,2
3464,2
3467,2
3470,2
3472,2
3474,2
3475,2
3476,2
3477,2
3479,2
3480,2
3481,2
3483,2
3490,2
3494,2
3495,2
3496,2
3498,2
3500,2
3501,2
3503,2
3504,2
3506,2
3507,2
3508,2
3509,2
3510,2
3512,2
3513,2
3515,2
3516,2
3517,2
3518,2
3519,2
3520,2
3521,2
3522,2
3523,2
3524,2
3525,2
3526,2
3529,2
3531,2
3536,2
3537,2
3539,2
3540,2
3541,2
3542,2
3543,2
3544,2
3545,2
3546,2
3547,2
3555,2
3556,2
3558,2
3559,2
3560,2
3562,2
3563,2
3564,2
3565,2
3567,2
3568,2
3569,2
3570,2
3571,2
3572,2
3574,2
3575,2
3576,2
3577,2
3578,2
3579,2
3582,2
3583,2
3586,2
3588,2
3592,2
3593,2
3596,2
3597,2
3599,2
3600,2
3601,2
3603,2
3605,2
3606,2
3608,2
3609,2
3612,2
3613,2
3614,2
3615,2
3616,2
3618,2
3619,2
3623,2
3624,2
3625,2
3626,2
3627,2
3630,2
3631,2
3632,2
3633,2
3634,2
3635,2
3638,2
3639,2
3640,2
3641,2
3644,2
3645,2
3647,2
3649,2
3650,2
3651,2
3652,2
3654,2
3655,2
3658,2
3659,2
3660,2
3661,2
3662,2
3663,2
3664,2
3665,2
3667,2
3668,2
3669,2
3670,2
3671,2
3673,2
3675,2
3678,2
3679,2
3681,2
3682,2
3684,2
3685,2
3686,2
3688,2
3690,2
3692,2
3693,2
3694,2
3696,2
3698,2
3701,2
3702,2
3703,2
3704,2
3705,2
3706,2
3709,2
3710,2
3712,2
3713,2
3714,2
3716,2
3718,2
3719,2
3720,2
3721,2
3722,2
3723,2
3725,2
3726,2
3727,2
3729,2
3730,2
3732,2
3733,2
3734,2
3735,2
3739,2
3741,2
3742,2
3744,2
3748,2
3749,2
3750,2
3751,2
3754,2
3755,2
3756,2
3757,2
3758,2
3759,2
3760,2
3761,2
3763,2
3771,2
3773,2
3774,2
3775,2
3776,2
3778,2
3779,2
3781,2
3782,2
3783,2
3786,2
3787,2
3788,2
3789,2
3791,2
3792,2
3795,2
3796,2
3797,2
3798,2
3800,2
3803,2
3807,2
3808,2
3811,2
3813,2
3814,2
3815,2
3816,2
3817,2
3818,2
3819,2
3821,2
3822,2
3824,2
3825,2
3827,2
3828,2
3829,2
3831,2
3832,2
3833,2
3837,2
3838,2
3839,2
3840,2
3842,2
3844,2
3845,2
3846,2
3849,2
3850,2
3852,2
3854,2
3855,2
3856,2
3857,2
3858,2
3859,2
3860,2
3862,2
3864,2
3866,2
3867,2
3868,2
3869,2
3873,2
3874,2
3875,2
3876,2
3877,2
3882,2
3886,2
3887,2
3888,2
3890,2
3892,2
3893,2
3896,2
3899,2
3905,2
3907,2
3908,2
3911,2
3914,2
3916,2
3917,2
3919,2
3920,2
3921,2
3922,2
3924,2
3925,2
3927,2
3930,2
3931,2
3932,2
3933,2
3935,2
3936,2
3937,2
3939,2
3941,2
3942,2
3946,2
3949,2
3951,2
3953,2
3954,2
3955,2
3957,2
3958,2
3959,2
3960,2
3961,2
3962,2
3964,2
3965,2
3966,2
3967,2
3968,2
3970,2
3971,2
3974,2
3975,2
3976,2
3978,2
3979,2
3982,2
3983,2
3984,2
3986,2
3987,2
3988,2
3989,2
3992,2
3995,2
3998,2
3999,2
4002,2
4004,2
4006,2
4008,2
4009,2
4010,2
4011,2
4012,2
4014,2
4015,2
4016,2
4017,2
4018,2
4021,2
4025,2
4026,2
4028,2
4029,2
4037,2
4040,2
4041,2
4042,2
4044,2
4045,2
4048,2
4050,2
4053,2
4054,2
4056,2
4059,2
4060,2
4061,2
4062,2
4065,2
4066,2
4067,2
4070,2
4071,2
4072,2
4075,2
4078,2
4084,2
4085,2
4089,2
4090,2
4091,2
4092,2
4094,2
4095,2
4097,2
4098,2
4100,2
4101,2
4103,2
4104,2
4106,2
4107,2
4108,2
4109,2
4110,2
4111,2
4112,2
4113,2
4115,2
4117,2
4118,2
4120,2
4121,2
4124,2
4126,2
4128,2
4129,2
4130,2
4131,2
4132,2
4133,2
4136,2
4137,2
4140,2
4142,2
4143,2
4144,2
4145,2
4146,2
4149,2
4156,2
4158,2
4160,2
4161,2
4162,2
4163,2
4164,2
4167,2
4168,2
4170,2
4171,2
4173,2
4174,2
4175,2
4178,2
4180,2
4184,2
4185,2
4186,2
4187,2
4188,2
4189,2
4191,2
4192,2
4193,2
4197,2
4198,2
4200,2
4202,2
4207,2
4208,2
4209,2
4210,2
4211,2
4213,2
4214,2
4216,2
4226,2
4227,2
4229,2
4230,2
4231,2
4232,2
4234,2
4235,2
4238,2
4240,2
4241,2
4242,2
4243,2
4245,2
4248,2
4249,2
4250,2
4251,2
4252,2
4255,2
4256,2
4258,2
4259,2
4263,2
4264,2
4265,2
4266,2
4267,2
4268,2
4269,2
4271,2
4274,2
4275,2
4276,2
4278,2
4280,2
4282,2
4283,2
4284,2
4286,2
4287,2
4290,2
4294,2
4295,2
4296,2
4298,2
4300,2
4301,2
4302,2
4303,2
4304,2
4306,2
4307,2
4308,2
4309,2
4311,2
4312,2
4313,2
4315,2
4316,2
4318,2
4319,2
4320,2
4322,2
4323,2
4324,2
4325,2
4327,2
4328,2
4331,2
4333,2
4335,2
4336,2
4337,2
4340,2
4341,2
4342,2
4344,2
4345,2
4346,2
4347,2
4349,2
4350,2
4352,2
4354,2
4357,2
4359,2
4360,2
4362,2
4364,2
4365,2
4368,2
4369,2
4370,2
4372,2
4375,2
4376,2
4378,2
4379,2
4380,2
4381,2
4382,2
4384,2
4385,2
4387,2
4391,2
4394,2
4396,2
4397,2
4399,2
4405,2
4406,2
4407,2
4408,2
4409,2
4410,2
4412,2
4418,2
4419,2
4420,2
4421,2
4423,2
4424,2
4428,2
4429,2
4430,2
4432,2
4433,2
4436,2
4437,2
4438,2
4448,2
4450,2
4451,2
4453,2
4454,2
4455,2
4456,2
4457,2
4458,2
4460,2
4463,2
4466,2
4467,2
4469,2
4470,2
4472,2
4473,2
4474,2
4476,2
4477,2
4479,2
4480,2
4481,2
4484,2
4487,2
4488,2
4489,2
4491,2
4493,2
4494,2
4498,2
4501,2
4502,2
4505,2
4508,2
4509,2
4510,2
4512,2
4513,2
4516,2
4517,2
4519,2
4521,2
4522,2
4524,2
4526,2
4527,2
4531,2
4532,2
4533,2
4535,2
4538,2
4541,2
4543,2
4544,2
4545,2
4546,2
4547,2
4548,2
4549,2
4550,2
4554,2
4559,2
4561,2
4564,2
4566,2
4571,2
4572,2
4575,2
4576,2
4580,2
4583,2
4584,2
4587,2
4588,2
4589,2
4590,2
4592,2
4594,2
4598,2
4599,2
4600,2
4601,2
4604,2
4605,2
4607,2
4610,2
4612,2
4615,2
4622,2
4625,2
4626,2
4627,2
4629,2
4630,2
4632,2
4636,2
4637,2
4638,2
4639,2
4640,2
4642,2
4645,2
4648,2
4651,2
4656,2
4662,2
4666,2
4667,2
4668,2
4669,2
4671,2
4672,2
4673,2
4677,2
4681,2
4685,2
4690,2
4691,2
4692,2
4696,2
4700,2
4703,2
4704,2
4705,2
4709,2
4710,2
4712,2
4721,2
4726,2
4728,2
4729,2
4731,2
4737,2
4738,2
4739,2
4740,2
4742,2
4748,2
4751,2
4752,2
4756,2
4757,2
4761,2
4762,2
4768,2
4774,2
4778,2
4780,2
4782,2
4785,2
4786,2
4789,2
4790,2
4792,2
4793,2
4798,2
4799,2
4800,2
4806,2
4808,2
4809,2
4810,2
4813,2
4817,2
4819,2
4820,2
4822,2
4823,2
4825,2
4832,2
4834,2
4850,2
4851,2
4855,2
4858,2
4860,2
4861,2
4863,2
4865,2
4875,2
4881,2
4882,2
4883,2
4888,2
4889,2
4890,2
4892,2
4894,2
4895,2
4896,2
4898,2
4899,2
4900,2
6818,2
7507,2
7512,2
7516,2
7517,2
7523,2
7524,2
7525,2
7527,2
7538,2
7541,2
7543,2
7547,2
7550,2
7557,2
7567,2
7569,2
7572,2
7581,2
7582,2
7586,2
7592,2
7593,2
7619,2
7633,2
7639,2
7640,2
7645,2
7648,2
7649,2
7652,2
7653,2
7657,2
7663,2
7664,2
7667,2
7668,2
7669,2
7670,2
7673,2
7674,2
7676,2
7688,2
7689,2
7690,2
7692,2
7697,2
7700,2
7702,2
7706,2
7707,2
7713,2
7720,2
7723,2
7726,2
7732,2
7734,2
7738,2
7741,2
7743,2
7744,2
7747,2
7751,2
7753,2
7754,2
7760,2
7765,2
7766,2
7774,2
7775,2
7783,2
7784,2
7801,2
7803,2
7804,2
7807,2
7808,2
7809,2
7813,2
7814,2
7816,2
7818,2
7826,2
7827,2
7828,2
7834,2
7837,2
7839,2
7842,2
7843,2
7848,2
7851,2
7853,2
7865,2
7867,2
7874,2
7876,2
7882,2
7885,2
7886,2
7890,2
7901,2
7902,2
7905,2
7913,2
7917,2
7919,2
7923,2
7924,2
7936,2
7938,2
7939,2
7942,2
7946,2
7950,2
7954,2
7960,2
7969,2
7970,2
7985,2
7986,2
7989,2
7991,2
7998,2
7999,2
8006,2
8013,2
8014,2
8016,2
8019,2
8022,2
8030,2
8032,2
8035,2
8040,2
8042,2
8045,2
8046,2
8048,2
8050,2
8051,2
8053,2
8059,2
8063,2
8065,2
8067,2
8070,2
8075,2
8077,2
8078,2
8079,2
8087,2
8091,2
8093,2
8097,2
8098,2
8104,2
8108,2
8109,2
8118,2
8121,2
8124,2
8125,2
8127,2
8133,2
8135,2
8140,2
8142,2
8149,2
8151,2
8154,2
8182,2
8188,2
8195,2
8205,2
8210,2
8214,2
8215,2
8217,2
8218,2
8224,2
8228,2
8233,2
8240,2
8244,2
8245,2
8246,2
8248,2
8251,2
8259,2
8260,2
8262,2
8274,2
8275,2
8277,2
8285,2
8291,2
8294,2
8303,2
8305,2
8306,2
8308,2
8311,2
8324,2
8336,2
8337,2
8347,2
8348,2
8349,2
8351,2
8355,2
8648,2
8649,2
8651,2
8652,2
8653,2
8654,2
8655,2
8656,2
8657,2
8659,2
8660,2
8661,2
8662,2
8663,2
8664,2
8665,2
8666,2
8668,2
8669,2
8670,2
8671,2
8672,2
8673,2
8674,2
8675,2
8676,2
8677,2
8679,2
8680,2
8681,2
8682,2
8683,2
8684,2
8685,2
8686,2
8688,2
8689,2
8690,2
8691,2
8692,2
8693,2
8694,2
8695,2
8696,2
8697,2
8698,2
8699,2
8700,2
8702,2
8703,2
8705,2
8706,2
8707,2
8708,2
8709,2
8710,2
8711,2
8712,2
8713,2
8714,2
8715,2
8716,2
8717,2
8718,2
8719,2
8720,2
8721,2
8722,2
8723,2
8724,2
8725,2
8726,2
8727,2
8728,2
8729,2
8730,2
8732,2
8733,2
8734,2
8735,2
8736,2
8737,2
8738,2
8739,2
8740,2
8741,2
8742,2
8743,2
8744,2
8745,2
8746,2
8747,2
8748,2
8749,2
8750,2
8751,2
8752,2
8753,2
8754,2
8755,2
8756,2
8758,2
8759,2
8760,2
8761,2
8762,2
8763,2
8764,2
8765,2
8766,2
8767,2
8768,2
8769,2
8770,2
8771,2
8772,2
8773,2
8774,2
8775,2
8776,2
8777,2
8778,2
8779,2
8780,2
8781,2
8782,2
8783,2
8784,2
8785,2
8786,2
8787,2
8788,2
8789,2
8790,2
8791,2
8792,2
8793,2
8794,2
8795,2
8796,2
8797,2
8798,2
8799,2
8800,2
8801,2
8802,2
8803,2
8804,2
8805,2
8806,2
8807,2
8809,2
8810,2
8811,2
8812,2
8813,2
8814,2
8815,2
8816,2
8817,2
8818,2
8819,2
8820,2
8821,2
8822,2
8823,2
8824,2
8825,2
8826,2
8827,2
8828,2
8829,2
8831,2
8832,2
8833,2
8834,2
8835,2
8836,2
8837,2
8838,2
8840,2
8841,2
8842,2
8843,2
8844,2
8845,2
8846,2
8847,2
8849,2
8851,2
8852,2
8853,2
8854,2
8855,2
8856,2
8857,2
8858,2
8859,2
8860,2
8861,2
8862,2
8863,2
8864,2
8865,2
8866,2
8868,2
8869,2
8871,2
8873,2
8874,2
8875,2
8876,2
8877,2
8878,2
8879,2
8880,2
8881,2
8882,2
8883,2
8884,2
8885,2
8886,2
8887,2
8888,2
8889,2
8890,2
8891,2
8892,2
8893,2
8894,2
8895,2
8896,2
8897,2
8898,2
8899,2
8900,2
8901,2
8902,2
8903,2
8904,2
8905,2
8906,2
8907,2
8908,2
8910,2
8911,2
8912,2
8913,2
8914,2
8916,2
8919,2
8920,2
8921,2
8922,2
8923,2
8924,2
8925,2
8927,2
8928,2
8929,2
8930,2
8931,2
8932,2
8933,2
8934,2
8935,2
8936,2
8937,2
8938,2
8939,2
8940,2
8941,2
8942,2
8943,2
8944,2
8945,2
8946,2
8947,2
8948,2
8949,2
8950,2
8951,2
8952,2
8953,2
8954,2
8955,2
8956,2
8957,2
8958,2
8959,2
8960,2
8961,2
8962,2
8963,2
8964,2
8965,2
8966,2
8967,2
8968,2
8969,2
8970,2
8971,2
8972,2
8973,2
8974,2
8975,2
8976,2
8977,2
8978,2
8979,2
8980,2
8981,2
8982,2
8983,2
8984,2
8985,2
8986,2
8987,2
8988,2
8989,2
8990,2
8991,2
8992,2
8993,2
8994,2
8995,2
8997,2
8998,2
8999,2
9000,2
9001,2
9002,2
9003,2
9004,2
9005,2
9006,2
9007,2
9008,2
9009,2
9010,2
9011,2
9012,2
9013,2
9014,2
9015,2
9016,2
9017,2
9018,2
9019,2
9020,2
9021,2
9022,2
9023,2
9024,2
9025,2
9026,2
9027,2
9028,2
9029,2
9030,2
9032,2
9033,2
9034,2
9035,2
9036,2
9038,2
9039,2
9040,2
9041,2
9042,2
9043,2
9044,2
9045,2
9046,2
9047,2
9048,2
9049,2
9050,2
9051,2
9182,2
9183,2
9186,2
9188,2
9190,2
9194,2
9195,2
9196,2
9197,2
9198,2
9199,2
9201,2
9204,2
9205,2
9207,2
9208,2
9209,2
9211,2
9213,2
9215,2
9216,2
9219,2
9221,2
9226,2
9230,2
9232,2
9233,2
9237,2
9239,2
9240,2
9242,2
9243,2
9244,2
9250,2
9252,2
9258,2
9260,2
9262,2
9263,2
9264,2
9265,2
9268,2
9271,2
9273,2
9275,2
9277,2
9278,2
9281,2
9290,2
9291,2
9293,2
9300,2
9301,2
9304,2
9312,2
9313,2
9315,2
9323,2
9324,2
9330,2
9331,2
9332,2
9335,2
9342,2
9348,2
9350,2
9354,2
9360,2
9361,2
9362,2
9363,2
9364,2
9365,2
9369,2
9371,2
9372,2
9373,2
9381,2
9382,2
9383,2
9386,2
9389,2
9390,2
9393,2
9395,2
9402,2
9409,2
9410,2
9413,2
9414,2
9416,2
9420,2
9422,2
9425,2
9429,2
9431,2
9436,2
9439,2
9443,2
9445,2
9449,2
9451,2
9455,2
9459,2
9463,2
9473,2
9474,2
9476,2
9477,2
9478,2
9481,2
9483,2
9484,2
9485,2
9490,2
9493,2
9497,2
9501,2
9502,2
9503,2
9505,2
9506,2
9507,2
9508,2
9510,2
9511,2
9514,2
9516,2
9519,2
9522,2
9527,2
9528,2
9531,2
9535,2
9539,2
9541,2
9543,2
9546,2
9548,2
9549,2
9550,2
9551,2
9552,2
9555,2
9556,2
9557,2
9562,2
9563,2
9564,2
9566,2
9567,2
9568,2
9576,2
9581,2
9584,2
9585,2
9588,2
9590,2
9591,2
9593,2
9596,2
9597,2
9600,2
9602,2
9605,2
9606,2
9607,2
9610,2
9611,2
9612,2
9616,2
9617,2
9620,2
9622,2
9623,2
9624,2
9627,2
9628,2
9631,2
9634,2
9635,2
9637,2
9640,2
9642,2
9644,2
9645,2
9646,2
9647,2
9648,2
9649,2
9650,2
9651,2
9653,2
9657,2
9659,2
9664,2
9665,2
9666,2
9667,2
9669,2
9673,2
9674,2
9675,2
9680,2
9681,2
9685,2
9686,2
9687,2
9688,2
9691,2
9693,2
9697,2
9699,2
9701,2
9702,2
9708,2
9710,2
9713,2
9714,2
9720,2
9721,2
9722,2
9723,2
9724,2
9725,2
9726,2
9728,2
9730,2
9731,2
9732,2
9733,2
9735,2
9737,2
9740,2
9741,2
9744,2
9745,2
9746,2
9748,2
9750,2
9754,2
9758,2
9759,2
9761,2
9762,2
9763,2
9767,2
9770,2
9772,2
9775,2
9778,2
9779,2
9780,2
9783,2
9784,2
9786,2
9790,2
9791,2
9793,2
9794,2
9795,2
9796,2
9798,2
9799,2
9800,2
9801,2
9805,2
9807,2
9808,2
9809,2
9813,2
9814,2
9818,2
9819,2
9820,2
9823,2
9824,2
9828,2
9831,2
9833,2
9837,2
9838,2
9839,2
9840,2
9841,2
9846,2
9848,2
9850,2
9855,2
9856,2
9859,2
9860,2
9863,2
9864,2
9867,2
9868,2
9870,2
9871,2
9872,2
9873,2
9874,2
9877,2
9879,2
9880,2
9881,2
9882,2
9884,2
9885,2
9886,2
9889,2
9890,2
9892,2
9896,2
9898,2
9899,2
9900,2
9902,2
9903,2
9905,2
9907,2
9909,2
9910,2
9911,2
9914,2
9915,2
9917,2
9918,2
9919,2
9920,2
9921,2
9922,2
9923,2
9924,2
9925,2
9927,2
9928,2
9929,2
9930,2
9931,2
9932,2
9933,2
9934,2
9935,2
9936,2
9941,2
9943,2
9944,2
9945,2
9946,2
9949,2
9950,2
9951,2
9952,2
9953,2
9954,2
9957,2
9958,2
9959,2
9960,2
9963,2
9967,2
9969,2
9970,2
9972,2
9973,2
9975,2
9977,2
9978,2
9981,2
9982,2
9983,2
9984,2
9985,2
9986,2
9987,2
9988,2
9989,2
9990,2
9992,2
9994,2
9995,2
9996,2
9997,2
9998,2
10000,2
10001,2
10003,2
10006,2
10008,2
10009,2
10010,2
10011,2
10013,2
10014,2
10016,2
10017,2
10019,2
10022,2
10023,2
10024,2
10025,2
10027,2
10031,2
10032,2
10033,2
10035,2
10036,2
10037,2
10038,2
10039,2
10042,2
10043,2
10045,2
10046,2
10047,2
10048,2
10049,2
10050,2
10051,2
10052,2
10054,2
10056,2
10057,2
10058,2
10059,2
10061,2
10062,2
10063,2
10064,2
10066,2
10067,2
10068,2
10069,2
10070,2
10071,2
10072,2
10073,2
10074,2
10077,2
10078,2
10079,2
10082,2
10084,2
10086,2
10087,2
10088,2
10089,2
10090,2
10091,2
10093,2
10094,2
10096,2
10097,2
10101,2
10102,2
10103,2
10105,2
10106,2
10107,2
10108,2
10109,2
10111,2
10112,2
10113,2
10114,2
10115,2
10117,2
10118,2
10121,2
10122,2
10123,2
10124,2
10125,2
10126,2
10127,2
10128,2
10129,2
10130,2
10131,2
10132,2
10133,2
10134,2
10135,2
10136,2
10137,2
13974,2
14045,2
14498,2
15224,2
15225,2
15226,2
15227,2
15228,2
15231,2
15232,2
15233,2
15235,2
15237,2
15241,2
15248,2
15251,2
15256,2
15259,2
15261,2
15269,2
15270,2
15274,2
15277,2
15286,2
15291,2
15295,2
15296,2
15298,2
15301,2
15304,2
15311,2
15315,2
15317,2
15318,2
15323,2
15327,2
15328,2
15333,2
15335,2
15336,2
15337,2
15344,2
15345,2
15346,2
15347,2
15348,2
15352,2
15353,2
15362,2
15363,2
15364,2
15366,2
15371,2
15372,2
15378,2
15381,2
15384,2
15387,2
15388,2
15390,2
15392,2
15393,2
15395,2
15396,2
15398,2
15399,2
15402,2
15404,2
15405,2
15407,2
15408,2
15409,2
15413,2
15414,2
15416,2
15417,2
15428,2
15431,2
15432,2
15433,2
15445,2
15447,2
15449,2
15450,2
15451,2
15455,2
15456,2
15457,2
15461,2
15462,2
15463,2
15466,2
15467,2
15468,2
15470,2
15476,2
15477,2
15485,2
15490,2
15491,2
15494,2
15495,2
15498,2
15499,2
15501,2
15504,2
15505,2
15508,2
15510,2
15511,2
15512,2
15513,2
15516,2
15517,2
15518,2
15520,2
15521,2
15522,2
15523,2
15525,2
15528,2
15529,2
15530,2
15533,2
15536,2
15537,2
15538,2
15543,2
15544,2
15545,2
15547,2
15553,2
15554,2
15555,2
15557,2
15558,2
15559,2
15560,2
15563,2
15564,2
15565,2
15567,2
15568,2
15571,2
15573,2
15576,2
15580,2
15582,2
15585,2
15587,2
15589,2
15590,2
15591,2
15595,2
15599,2
15600,2
15601,2
15604,2
15608,2
15614,2
15616,2
15617,2
15623,2
15624,2
15628,2
15630,2
15631,2
15635,2
15641,2
15642,2
15643,2
15646,2
15649,2
15651,2
15652,2
15654,2
15655,2
15658,2
15659,2
15662,2
15663,2
15666,2
15667,2
15669,2
15673,2
15674,2
15675,2
15679,2
15681,2
15682,2
15683,2
15684,2
15695,2
15697,2
15703,2
15706,2
15707,2
15708,2
15709,2
15711,2
15712,2
15713,2
15720,2
15724,2
15725,2
15727,2
15728,2
15731,2
15734,2
15740,2
15742,2
15744,2
15752,2
15753,2
15754,2
15757,2
15760,2
15764,2
15767,2
15768,2
15770,2
15771,2
15772,2
15774,2
15777,2
15779,2
15781,2
15783,2
15786,2
15788,2
15791,2
15792,2
15794,2
15795,2
15800,2
15809,2
15812,2
15815,2
15818,2
15819,2
15821,2
15822,2
15824,2
15831,2
15832,2
15841,2
15842,2
15848,2
15850,2
15853,2
15854,2
15855,2
15856,2
15858,2
15859,2
15861,2
15868,2
15871,2
15872,2
15876,2
15877,2
15878,2
15880,2
15885,2
15889,2
15894,2
15895,2
15897,2
15899,2
15902,2
15910,2
15911,2
15919,2
15920,2
15925,2
15928,2
15930,2
15935,2
15938,2
15943,2
15944,2
15946,2
15948,2
15949,2
15951,2
15955,2
15958,2
15960,2
15962,2
15964,2
15966,2
15967,2
15968,2
15969,2
15970,2
15971,2
15978,2
15981,2
15985,2
15986,2
15987,2
15989,2
15990,2
15994,2
15996,2
15997,2
16005,2
16006,2
16009,2
16026,2
16028,2
16031,2
16032,2
16034,2
16035,2
16037,2
16038,2
16039,2
16041,2
16044,2
16053,2
16058,2
16063,2
16075,2
16079,2
16080,2
16082,2
16083,2
16084,2
16085,2
16088,2
16091,2
16092,2
16094,2
16097,2
16098,2
16104,2
16106,2
16108,2
16112,2
16117,2
16122,2
16126,2
16127,2
16128,2
16129,2
16130,2
16131,2
16134,2
16138,2
16143,2
16145,2
16148,2
16149,2
16150,2
16152,2
16154,2
16156,2
16158,2
16160,2
16167,2
16169,2
16171,2
16172,2
16176,2
16178,2
16181,2
16182,2
16183,2
16184,2
16186,2
16187,2
16189,2
16192,2
16195,2
16197,2
16204,2
16208,2
16209,2
16213,2
16219,2
16221,2
16222,2
16224,2
16227,2
16230,2
16232,2
16233,2
16234,2
16235,2
16237,2
16238,2
16243,2
16244,2
16245,2
16246,2
16248,2
16250,2
16251,2
16261,2
16271,2
16274,2
16277,2
16281,2
16282,2
16284,2
16285,2
16289,2
16292,2
16293,2
16304,2
16305,2
16307,2
16313,2
16321,2
16322,2
16325,2
16326,2
16328,2
16332,2
16333,2
16337,2
16338,2
16344,2
16346,2
16355,2
16362,2
16365,2
16367,2
16368,2
16369,2
16370,2
16373,2
16374,2
16375,2
16379,2
16380,2
16382,2
16392,2
16395,2
16399,2
16400,2
16401,2
16405,2
16410,2
16412,2
16414,2
16417,2
16419,2
16420,2
16422,2
16428,2
16436,2
16441,2
16444,2
16445,2
16449,2
16451,2
16456,2
16457,2
16467,2
16472,2
16473,2
16474,2
16478,2
16479,2
16487,2
16488,2
16490,2
16491,2
16496,2
16501,2
16502,2
16504,2
16507,2
16508,2
16519,2
16520,2
16521,2
16524,2
16527,2
16528,2
16531,2
16534,2
16535,2
16538,2
16542,2
16543,2
16544,2
16547,2
16550,2
16551,2
16553,2
16556,2
16562,2
16566,2
16567,2
16569,2
16571,2
16572,2
16575,2
16576,2
16582,2
16586,2
16588,2
16591,2
16597,2
16603,2
16606,2
16609,2
16610,2
16613,2
16614,2
16616,2
16618,2
16622,2
16623,2
16624,2
16629,2
16631,2
16632,2
16640,2
16641,2
16642,2
16645,2
16646,2
16648,2
16650,2
16657,2
16663,2
16668,2
16669,2
16672,2
16676,2
16678,2
16682,2
16684,2
16685,2
16687,2
16689,2
16690,2
16693,2
16694,2
16695,2
16696,2
16701,2
16703,2
16709,2
16710,2
16717,2
16718,2
16719,2
16722,2
16724,2
16725,2
16726,2
16727,2
16729,2
16733,2
16736,2
16737,2
16739,2
16741,2
16743,2
16745,2
16746,2
16747,2
16750,2
16751,2
16753,2
16754,2
16756,2
16760,2
16763,2
16764,2
16768,2
16770,2
16772,2
16773,2
16775,2
16776,2
16779,2
16780,2
16782,2
16783,2
16786,2
16789,2
16792,2
16793,2
16794,2
16795,2
16797,2
16799,2
16801,2
16802,2
16803,2
16809,2
16811,2
16813,2
16815,2
16821,2
16825,2
16826,2
16830,2
16834,2
16841,2
16844,2
16845,2
16846,2
16849,2
16851,2
16852,2
16854,2
16855,2
16856,2
16862,2
16863,2
16866,2
16867,2
16868,2
16870,2
16872,2
16874,2
16875,2
16876,2
16877,2
16883,2
16886,2
16888,2
16889,2
16891,2
16893,2
16894,2
16895,2
16903,2
16909,2
16911,2
16915,2
16917,2
16918,2
16924,2
16927,2
16928,2
16933,2
16941,2
16945,2
16946,2
16949,2
16951,2
16952,2
16959,2
16963,2
16965,2
16968,2
16983,2
16985,2
16986,2
16987,2
16988,2
16989,2
16995,2
16996,2
16999,2
17001,2
17006,2
17007,2
17010,2
17011,2
17013,2
17017,2
17018,2
17020,2
17023,2
17027,2
17031,2
17035,2
17036,2
17039,2
17042,2
17043,2
17049,2
17053,2
17055,2
18592,2
19220,2
19221,2
19224,2
19226,2
21220,2
21397,2
21402,2
21451,2
21680,2
21690,2
21705,2
21723,2
21738,2
21835,2
21975,2
21980,2
22029,2
22127,2
22219,2
22254,2
22271,2
22334,2
22392,2
22435,2
22445,2
22487,2
22497,2
22546,2
22551,2
22680,2
22694,2
22709,2
22712,2
22717,2
22746,2
22754,2
22759,2
22796,2
22820,2
22853,2
22887,2
22931,2
22951,2
22952,2
22958,2
22969,2
22974,2
22975,2
22982,2
22992,2
22997,2
22998,2
23001,2
23005,2
23007,2
23028,2
23045,2
23063,2
23065,2
23078,2
23094,2
23095,2
23106,2
23118,2
23119,2
23131,2
23135,2
23148,2
23158,2
23172,2
23178,2
23192,2
23200,2
23217,2
23300,2
23334,2
23378,2
23384,2
24526,2
24527,2
24528,2
24529,2
24530,2
24531,2
24532,2
24533,2
24534,2
24535,2
25842,2
25847,2
25853,2
25954,2
25988,2
26020,2
26030,2
26034,2
26035,2
26038,2
26072,2
26110,2
26137,2
26141,2
26179,2
26195,2
26209,2
26240,2
26262,2
26289,2
26312,2
26317,2
26328,2
26330,2
26345,2
26352,2
26360,2
26379,2
26419,2
26423,2
26424,2
26443,2
26444,2
26461,2
26464,2
26495,2
26500,2
26522,2
26529,2
26530,2
26537,2
26556,2
26557,2
26562,2
26564,2
26572,2
26575,2
26589,2
26591,2
26595,2
26625,2
26627,2
26633,2
26654,2
26662,2
26677,2
26694,2
26708,2
26719,2
26740,2
26746,2
26770,2
26777,2
26779,2
26782,2
26834,2
26839,2
26849,2
26857,2
26866,2
26889,2
26890,2
26894,2
26896,2
26903,2
26925,2
26928,2
26930,2
26937,2
26942,2
26943,2
26949,2
26950,2
26959,2
26968,2
26976,2
26999,2
27008,2
27014,2
27020,2
27026,2
27043,2
27045,2
27056,2
27080,2
27083,2
27084,2
27097,2
27103,2
27105,2
27107,2
27108,2
27110,2
27117,2
27127,2
27134,2
27149,2
27156,2
27157,2
27162,2
27169,2
27172,2
27181,2
27183,2
27190,2
27196,2
27197,2
27224,2
27231,2
27233,2
27236,2
27249,2
27250,2
27254,2
27263,2
27271,2
27274,2
27276,2
27284,2
27290,2
27299,2
27308,2
27348,2
27432,2
27438,2
28148,2
28149,2
28153,2
28156,2
28159,2
28161,2
28162,2
28166,2
28170,2
28171,2
28174,2
28179,2
28182,2
28184,2
28191,2
28193,2
28201,2
28202,2
28207,2
28208,2
28211,2
28215,2
28216,2
28218,2
28226,2
28231,2
28234,2
28235,2
28243,2
28245,2
28246,2
28247,2
28248,2
28249,2
28259,2
28263,2
28264,2
28266,2
28269,2
28272,2
28275,2
28279,2
28286,2
28294,2
28300,2
28303,2
28304,2
28305,2
28314,2
28317,2
28319,2
28320,2
28324,2
28326,2
28334,2
28342,2
28347,2
28349,2
28351,2
28353,2
28364,2
28367,2
28369,2
28375,2
28376,2
28389,2
28396,2
28403,2
28405,2
28410,2
28429,2
28431,2
28433,2
28435,2
28436,2
28437,2
28443,2
28445,2
28446,2
28454,2
28456,2
28459,2
28470,2
28473,2
28479,2
28480,2
28489,2
28491,2
28494,2
28496,2
28501,2
28504,2
28511,2
28522,2
28528,2
28530,2
28531,2
28534,2
28549,2
28553,2
28556,2
28563,2
28568,2
28569,2
28575,2
28578,2
28581,2
28588,2
28590,2
28593,2
28594,2
28598,2
28604,2
28606,2
28608,2
28612,2
28615,2
28619,2
28627,2
28631,2
28634,2
28639,2
28641,2
28643,2
28646,2
28649,2
28652,2
28668,2
28670,2
28677,2
28686,2
28688,2
28690,2
28698,2
28700,2
28701,2
28702,2
28703,2
28704,2
28708,2
28723,2
28725,2
28733,2
28740,2
28747,2
28748,2
28751,2
28754,2
28755,2
28760,2
28762,2
28773,2
28774,2
28780,2
28782,2
28784,2
28785,2
28789,2
28791,2
28792,2
28796,2
28802,2
28826,2
28829,2
28838,2
28842,2
28846,2
28851,2
28862,2
28871,2
28874,2
28877,2
28881,2
28885,2
28891,2
28893,2
28894,2
28903,2
28904,2
28913,2
28914,2
28918,2
28920,2
28923,2
28924,2
28942,2
28953,2
28962,2
28963,2
28965,2
28967,2
28984,2
28999,2
29007,2
29022,2
29104,2
29107,2
29109,2
29115,2
29121,2
29123,2
29133,2
29146,2
29148,2
29154,2
29155,2
29163,2
29164,2
29167,2
29169,2
29176,2
29188,2
29191,2
29194,2
29195,2
29196,2
29200,2
29202,2
29209,2
29212,2
29223,2
29224,2
29225,2
29259,2
29261,2
29265,2
29268,2
29270,2
29274,2
29276,2
29279,2
29283,2
29286,2
29289,2
29291,2
29296,2
29297,2
29302,2
29303,2
29309,2
29310,2
29313,2
29317,2
29321,2
29618,2
29619,2
29620,2
29621,2
29622,2
29623,2
29624,2
29625,2
29630,2
29631,2
29632,2
29633,2
29634,2
29635,2
29636,2
29637,2
29638,2
29639,2
29640,2
29641,2
29642,2
29643,2
29644,2
29645,2
29646,2
29647,2
29650,2
29652,2
29653,2
29655,2
29658,2
29659,2
29663,2
29665,2
29666,2
29668,2
29669,2
29670,2
29671,2
29675,2
29676,2
29678,2
29684,2
29685,2
29687,2
29689,2
29690,2
29692,2
29694,2
29695,2
29696,2
29700,2
29704,2
29706,2
29708,2
29711,2
29713,2
29714,2
29715,2
29717,2
29719,2
29722,2
29723,2
29728,2
29729,2
29731,2
29732,2
29737,2
29738,2
29739,2
29740,2
29741,2
29743,2
29744,2
29749,2
29751,2
29752,2
29753,2
29759,2
29761,2
29764,2
29766,2
29767,2
29768,2
29771,2
29773,2
29775,2
29776,2
29780,2
29781,2
29788,2
29792,2
29794,2
29799,2
29801,2
29802,2
29803,2
29804,2
29805,2
29807,2
29811,2
29812,2
29814,2
29815,2
29816,2
29817,2
29818,2
29819,2
29820,2
29821,2
29823,2
29826,2
29827,2
29828,2
29829,2
29830,2
29831,2
29833,2
29840,2
29841,2
29843,2
29844,2
29845,2
29846,2
29849,2
29850,2
29851,2
29852,2
29853,2
29858,2
29859,2
29866,2
29869,2
29871,2
29874,2
29875,2
29877,2
29878,2
29891,2
29910,2
29912,2
29915,2
29916,2
29917,2
29933,2
29934,2
29935,2
29936,2
29937,2
29938,2
29939,2
29940,2
29941,2
29942,2
29943,2
29944,2
29945,2
30063,2
30064,2
30065,2
30066,2
30110,2
30111,2
30112,2
30113,2
30114,2
30115,2
30116,2
30117,2
30118,2
30119,2
30121,2
30122,2
30123,2
30124,2
30125,2
30126,2
30127,2
30128,2
30129,2
30130,2
30131,2
30132,2
30133,2
30134,2
30135,2
30136,2
30137,2
30138,2
30139,2
30140,2
30141,2
30142,2
30143,2
30144,2
30145,2
30146,2
30147,2
30148,2
30149,2
30150,2
30151,2
30152,2
30153,2
30154,2
30155,2
30156,2
30163,2
30164,2
30165,2
30166,2
30167,2
30168,2
30169,2
30170,2
30171,2
30172,2
30173,2
30174,2
30175,2
30176,2
30177,2
30178,2
30179,2
30180,2
30181,2
30182,2
30183,2
30184,2
30185,2
30186,2
30187,2
30188,2
30189,2
30190,2
30191,2
30192,2
30193,2
30194,2
30195,2
30196,2
30197,2
30198,2
30199,2
30200,2
30201,2
30202,2
30203,2
30204,2
30205,2
30206,2
30207,2
30208,2
30209,2
30210,2
30211,2
30212,2
30213,2
30214,2
30215,2
30216,2
30217,2
30218,2
30219,2
30220,2
30221,2
30222,2
30223,2
30224,2
30225,2
30226,2
30227,2
30228,2
30229,2
30230,2
30231,2
30232,2
30233,2
30235,2
30236,2
30237,2
30238,2
30239,2
30240,2
30241,2
30242,2
30243,2
30244,2
30245,2
30246,2
30247,2
30248,2
30249,2
30250,2
30251,2
30252,2
30253,2
30254,2
30255,2
30256,2
30257,2
30258,2
30259,2
30260,2
30261,2
30262,2
30263,2
30264,2
30265,2
30266,2
30267,2
30268,2
30269,2
30270,2
30271,2
30272,2
30273,2
30274,2
30275,2
30276,2
30277,2
30278,2
30279,2
30280,2
30281,2
30282,2
30283,2
30284,2
30285,2
30286,2
30287,2
30288,2
30289,2
30290,2
30291,2
30292,2
30293,2
30294,2
30295,2
30296,2
30298,2
30300,2
30301,2
30302,2
30303,2
30304,2
30305,2
30306,2
30307,2
30308,2
30309,2
30310,2
30311,2
30313,2
30314,2
30315,2
30316,2
30318,2
30319,2
30320,2
30321,2
30322,2
30323,2
30324,2
30499,2
30500,2
30501,2
30502,2
30503,2
30504,2
30505,2
30506,2
30507,2
30508,2
30509,2
30510,2
30511,2
30512,2
30513,2
30514,2
30515,2
30831,2
30832,2
30833,2
30834,2
30835,2
30836,2
30837,2
30838,2
30839,2
30840,2
30841,2
30846,2
30847,2
30850,2
30851,2
30852,2
30854,2
30858,2
30860,2
30865,2
30866,2
30869,2
30870,2
30872,2
30874,2
30881,2
30884,2
30885,2
30887,2
30890,2
30892,2
30903,2
30905,2
30911,2
30912,2
30914,2
30915,2
30917,2
30919,2
30926,2
30932,2
30938,2
30939,2
30942,2
30943,2
30946,2
30950,2
30960,2
30962,2
30963,2
30965,2
30967,2
30969,2
30970,2
30971,2
30973,2
30974,2
30978,2
30980,2
30996,2
30998,2
30999,2
31000,2
31001,2
31003,2
31004,2
31005,2
31006,2
31007,2
31008,2
31009,2
31010,2
31012,2
31013,2
31014,2
31015,2
31016,2
31017,2
31018,2
31019,2
31020,2
31021,2
31024,2
31025,2
31026,2
31027,2
31028,2
31029,2
31030,2
31031,2
31032,2
31033,2
31034,2
31035,2
31036,2
31038,2
31039,2
31040,2
31407,2
31408,2
31409,2
31501,2
31502,2
31503,2
31504,2
31505,2
31506,2
31507,2
31508,2
31509,2
31510,2
31511,2
31512,2
31513,2
31514,2
31515,2
31516,2
31517,2
31518,2
31519,2
31520,2
31521,2
31522,2
31523,2
31524,2
31525,2
31526,2
31527,2
31528,2
31529,2
31530,2
31531,2
31532,2
31533,2
31534,2
31535,2
31536,2
31537,2
31541,2
31542,2
31545,2
31546,2
31547,2
31548,2
31549,2
31552,2
31553,2
31554,2
31555,2
31556,2
31557,2
31558,2
31559,2
31560,2
31561,2
31564,2
31565,2
31567,2
31570,2
31572,2
31573,2
31574,2
31575,2
31580,2
31581,2
31582,2
31584,2
31586,2
31587,2
31588,2
31589,2
31590,2
31591,2
31592,2
31593,2
31594,2
31596,2
31597,2
31598,2
31600,2
31601,2
31603,2
31604,2
31605,2
31606,2
31607,2
31608,2
31609,2
31612,2
31613,2
31614,2
31616,2
31617,2
31618,2
31619,2
31621,2
31623,2
31624,2
31625,2
31626,2
31627,2
31628,2
31632,2
31633,2
31634,2
31635,2
31636,2
31637,2
31638,2
31639,2
31640,2
31641,2
31642,2
31643,2
31644,2
31645,2
31646,2
31920,2
31921,2
31922,2
31923,2
31924,2
31925,2
31926,2
31927,2
31938,2
31939,2
31940,2
31941,2
31942,2
31943,2
31944,2
31946,2
31948,2
31949,2
31951,2
31954,2
31955,2
31956,2
31957,2
31959,2
31961,2
31962,2
31964,2
31966,2
31967,2
31968,2
31969,2
31970,2
31971,2
31972,2
31974,2
31975,2
31977,2
31978,2
31979,2
31981,2
31982,2
31983,2
31984,2
31985,2
31986,2
31987,2
31990,2
31991,2
31992,2
31993,2
31996,2
31997,2
31998,2
31999,2
32001,2
32002,2
32003,2
32004,2
32005,2
32006,2
32007,2
32009,2
32010,2
32012,2
32013,2
32014,2
32015,2
32016,2
32017,2
32018,2
32019,2
32020,2
32021,2
32022,2
32023,2
32024,2
32025,2
32026,2
32027,2
32028,2
32029,2
32030,2
32031,2
32032,2
32033,2
32034,2
32035,2
32036,2
32037,2
32038,2
32039,2
32040,2
32041,2
32042,2
32043,2
32044,2
32045,2
32046,2
32047,2
32048,2
32049,2
32050,2
32605,2
32606,2
32607,2
32617,2
32619,2
32705,2
32706,2
32707,2
32708,2
32709,2
32710,2
32711,2
32712,2
32713,2
32714,2
32715,2
32716,2
32717,2
32718,2
32719,2
32720,2
32721,2
32722,2
32723,2
32724,2
32725,2
32726,2
32727,2
32728,2
32729,2
32730,2
32731,2
32732,2
32733,2
32741,2
32742,2
32743,2
32744,2
32745,2
32746,2
32747,2
32748,2
32749,2
32750,2
32751,2
32752,2
32753,2
32754,2
32755,2
32756,2
32757,2
32759,2
32760,2
32761,2
32762,2
32763,2
32764,2
32766,2
32767,2
32768,2
32769,2
32772,2
32773,2
32774,2
32776,2
32777,2
32778,2
32779,2
32781,2
32782,2
32784,2
32785,2
32787,2
32788,2
32789,2
32790,2
32792,2
32793,2
32795,2
32796,2
32797,2
32798,2
32799,2
32800,2
32802,2
32803,2
32804,2
32805,2
32806,2
32807,2
32808,2
32809,2
32810,2
32811,2
32812,2
32813,2
32814,2
32815,2
32816,2
32817,2
32818,2
32820,2
32821,2
32823,2
32824,2
32825,2
32826,2
32827,2
32828,2
32829,2
32830,2
32831,2
32832,2
32833,2
32834,2
32835,2
32836,2
32837,2
32838,2
32839,2
32897,2
32898,2
32899,2
33108,2
33264,2
33318,2
33319,2
33320,2
33321,2
33322,2
33323,2
33324,2
33325,2
33326,2
33327,2
33328,2
33329,2
33330,2
33331,2
33332,2
33333,2
33334,2
33335,2
33336,2
33337,2
33338,2
33339,2
33340,2
33341,2
33342,2
33343,2
33344,2
33345,2
33346,2
33347,2
33348,2
33349,2
33350,2
33351,2
33352,2
33353,2
33354,2
33355,2
33356,2
33357,2
33358,2
33359,2
33360,2
33361,2
33362,2
33363,2
33364,2
33365,2
33366,2
33367,2
33368,2
33369,2
33370,2
33371,2
33372,2
33373,2
33374,2
33375,2
33376,2
33377,2
33378,2
33379,2
33380,2
33381,2
33382,2
33383,2
33384,2
33385,2
33386,2
33387,2
33388,2
33389,2
33390,2
33391,2
33392,2
33393,2
33394,2
33395,2
33396,2
33397,2
33398,2
33399,2
33400,2
33401,2
33402,2
33403,2
33404,2
33405,2
33406,2
33407,2
33408,2
33409,2
33410,2
33411,2
33412,2
33413,2
33414,2
33415,2
33416,2
33417,2
33418,2
33419,2
33420,2
33421,2
33422,2
33423,2
33424,2
33425,2
33426,2
33427,2
33428,2
33429,2
33430,2
33431,2
33432,2
33433,2
33434,2
33435,2
33436,2
33437,2
33438,2
33439,2
33440,2
33441,2
33442,2
33443,2
33444,2
33445,2
33446,2
33447,2
33448,2
33449,2
33450,2
33451,2
33452,2
33453,2
33454,2
33455,2
33456,2
33457,2
33458,2
33459,2
33460,2
33461,2
33462,2
33463,2
33464,2
33465,2
33466,2
33467,2
33468,2
33469,2
33470,2
33471,2
33472,2
33473,2
33474,2
33475,2
33476,2
33477,2
33478,2
33479,2
33480,2
33481,2
33482,2
33483,2
33484,2
33485,2
33486,2
33487,2
33488,2
33489,2
33490,2
33491,2
33492,2
33493,2
33494,2
33495,2
33496,2
33497,2
33498,2
33499,2
33500,2
33501,2
33502,2
33503,2
33504,2
33505,2
33506,2
33507,2
33508,2
33509,2
33510,2
33511,2
33512,2
33513,2
33514,2
33515,2
33516,2
33517,2
33518,2
33519,2
33520,2
33521,2
33522,2
33523,2
33524,2
33525,2
33526,2
33527,2
33528,2
33733,2
33734,2
33735,2
33736,2
33737,2
33738,2
33740,2
33741,2
33742,2
33743,2
33744,2
33745,2
33746,2
33747,2
33748,2
33749,2
33750,2
33751,2
33752,2
33753,2
33754,2
33755,2
33756,2
33758,2
33759,2
33761,2
33771,2
33799,2
33806,2
33807,2
33809,2
33810,2
33811,2
33824,2
33829,2
33833,2
33841,2
33843,2
33852,2
33859,2
33864,2
33865,2
33881,2
33889,2
33892,2
33893,2
33895,2
33896,2
33914,2
33917,2
33929,2
33936,2
33950,2
33953,2
33955,2
33964,2
33976,2
33983,2
33984,2
33992,2
34001,2
34013,2
34015,2
34017,2
34021,2
34026,2
34027,2
34033,2
34034,2
34035,2
34039,2
34060,2
34072,2
34079,2
34080,2
34081,2
34088,2
34096,2
34100,2
34103,2
34104,2
34106,2
34111,2
34116,2
34136,2
34137,2
34140,2
34141,2
34158,2
34160,2
34162,2
34164,2
34168,2
34178,2
34179,2
34180,2
34184,2
34185,2
34189,2
34218,2
34220,2
34221,2
34223,2
34232,2
34233,2
34238,2
34246,2
34257,2
34260,2
34263,2
34264,2
34265,2
34269,2
34272,2
34273,2
34279,2
34294,2
34298,2
34299,2
34303,2
34308,2
34315,2
34322,2
34326,2
34330,2
34331,2
34338,2
34342,2
34343,2
34347,2
34356,2
34357,2
34358,2
34360,2
34364,2
34366,2
34372,2
34376,2
34383,2
34384,2
34387,2
34395,2
34404,2
34409,2
34412,2
34416,2
34421,2
34422,2
34439,2
34450,2
34454,2
34460,2
34465,2
34467,2
34475,2
34476,2
34479,2
34482,2
34486,2
34488,2
34495,2
34513,2
34521,2
34525,2
34529,2
34538,2
34564,2
34569,2
34571,2
34572,2
34574,2
34586,2
34593,2
34601,2
34611,2
34616,2
34618,2
34621,2
34625,2
34631,2
34657,2
34658,2
34664,2
34670,2
34676,2
34677,2
34678,2
34703,2
34709,2
34711,2
34713,2
34718,2
34724,2
34736,2
34743,2
34745,2
34752,2
34759,2
34765,2
34766,2
34772,2
34791,2
34794,2
34802,2
34803,2
34804,2
34808,2
34812,2
34819,2
34850,2
34863,2
34868,2
34869,2
34871,2
34873,2
34877,2
34878,2
34879,2
34880,2
34886,2
34898,2
34899,2
34904,2
34906,2
34916,2
34925,2
34927,2
34936,2
34952,2
34979,2
34983,2
34991,2
34995,2
34999,2
35003,2
35009,2
35010,2
35012,2
35017,2
35033,2
35035,2
35036,2
35039,2
35049,2
35056,2
35059,2
35062,2
35068,2
35069,2
35073,2
35087,2
35099,2
35102,2
35104,2
35107,2
35108,2
35119,2
35121,2
35124,2
35128,2
35129,2
35130,2
35133,2
35135,2
35141,2
35142,2
35148,2
35153,2
35158,2
35162,2
35164,2
35165,2
35168,2
35170,2
35176,2
35186,2
35192,2
35193,2
35204,2
35211,2
35212,2
35230,2
35236,2
35237,2
35239,2
35240,2
35246,2
35253,2
35258,2
35259,2
35266,2
35267,2
35271,2
35278,2
35281,2
35284,2
35289,2
35293,2
35299,2
35300,2
35305,2
35307,2
35318,2
35329,2
35330,2
35336,2
35337,2
35338,2
35339,2
35356,2
35362,2
35365,2
35366,2
35370,2
35375,2
35379,2
35380,2
35383,2
35386,2
35396,2
35397,2
35399,2
35409,2
35416,2
35418,2
35420,2
35425,2
35427,2
35431,2
35432,2
35434,2
35436,2
35452,2
35453,2
35460,2
35465,2
35472,2
35477,2
35480,2
35482,2
35486,2
35494,2
35501,2
35503,2
35504,2
35509,2
35516,2
35518,2
35520,2
35525,2
35530,2
35532,2
35533,2
35537,2
35548,2
35550,2
35553,2
35554,2
35558,2
35559,2
35566,2
35568,2
35571,2
35574,2
35575,2
35582,2
35585,2
35586,2
35588,2
35594,2
35596,2
35597,2
35601,2
35603,2
35606,2
35611,2
35615,2
35617,2
35631,2
35633,2
35634,2
35635,2
35637,2
35641,2
35645,2
35648,2
35656,2
35661,2
35666,2
35670,2
35674,2
35680,2
35682,2
35688,2
35690,2
35691,2
35694,2
35712,2
35713,2
35721,2
35727,2
35728,2
35729,2
35730,2
35733,2
35740,2
35743,2
35749,2
35750,2
35751,2
35753,2
35761,2
35769,2
35778,2
35794,2
35795,2
35797,2
35799,2
35800,2
35802,2
35804,2
35805,2
35809,2
35814,2
35815,2
35834,2
35840,2
35842,2
35846,2
35850,2
35857,2
35858,2
35860,2
35873,2
35881,2
35883,2
35887,2
35890,2
35899,2
35903,2
35904,2
35913,2
35914,2
35924,2
35929,2
35935,2
35937,2
35940,2
35942,2
35943,2
35944,2
35948,2
35949,2
35953,2
35954,2
35958,2
35959,2
35961,2
35964,2
35968,2
35984,2
35986,2
35990,2
35992,2
35993,2
35994,2
35999,2
36005,2
36006,2
36009,2
36012,2
36015,2
36018,2
36020,2
36023,2
36028,2
36031,2
36039,2
36041,2
36043,2
36049,2
36052,2
36056,2
36057,2
36061,2
36064,2
36067,2
36068,2
36071,2
36077,2
36080,2
36088,2
36092,2
36096,2
36101,2
36118,2
36122,2
36126,2
36134,2
36142,2
36143,2
36150,2
36152,2
36154,2
36157,2
36159,2
36166,2
36168,2
36170,2
36171,2
36172,2
36173,2
36175,2
36176,2
36177,2
36181,2
36182,2
36183,2
36184,2
36188,2
36191,2
36193,2
36194,2
36198,2
36200,2
36201,2
36207,2
36208,2
36209,2
36219,2
36228,2
36238,2
36240,2
36242,2
36247,2
36248,2
36250,2
36252,2
36259,2
36264,2
36269,2
36270,2
36286,2
36289,2
36293,2
36294,2
36295,2
36303,2
36306,2
36307,2
36311,2
36312,2
36313,2
36314,2
36315,2
36318,2
36323,2
36326,2
36332,2
36333,2
36338,2
36356,2
36357,2
36358,2
36361,2
36363,2
36366,2
36367,2
36392,2
36393,2
36396,2
36397,2
36402,2
36415,2
36417,2
36419,2
36420,2
36423,2
36424,2
36425,2
36429,2
36434,2
36436,2
36440,2
36442,2
36445,2
36446,2
36448,2
36454,2
36456,2
36466,2
36475,2
36476,2
36477,2
36490,2
36491,2
36492,2
36493,2
36499,2
36501,2
36502,2
36511,2
36513,2
36516,2
36520,2
36525,2
36529,2
36531,2
36535,2
36539,2
36548,2
36550,2
36556,2
36561,2
36567,2
36568,2
36571,2
36575,2
36576,2
36581,2
36582,2
36584,2
36586,2
36587,2
36588,2
36589,2
36590,2
36591,2
36593,2
36595,2
36597,2
36598,2
36599,2
36600,2
36601,2
36616,2
36625,2
36628,2
36630,2
36631,2
36650,2
36651,2
36655,2
36659,2
36669,2
36673,2
36675,2
36682,2
36685,2
36692,2
36694,2
36697,2
36701,2
36702,2
36706,2
36707,2
36708,2
36713,2
36720,2
36726,2
36729,2
36730,2
36732,2
36737,2
36744,2
36745,2
36746,2
36754,2
36758,2
36759,2
36763,2
36774,2
36775,2
36780,2
36782,2
36783,2
36785,2
36788,2
36789,2
36791,2
36792,2
36795,2
36797,2
36801,2
36808,2
36809,2
36811,2
36812,2
36824,2
36829,2
36830,2
36833,2
36837,2
36852,2
36859,2
36875,2
36883,2
36895,2
36900,2
36901,2
36909,2
36915,2
36924,2
36928,2
36930,2
36935,2
36940,2
36945,2
36946,2
36965,2
36976,2
36984,2
36995,2
36996,2
36997,2
36998,2
36999,2
37000,2
37001,2
37002,2
37003,2
37004,2
37005,2
37006,2
37007,2
37008,2
37009,2
37010,2
37011,2
37012,2
37013,2
37014,2
37015,2
37016,2
37017,2
37018,2
37019,2
37020,2
37021,2
37022,2
37023,2
37024,2
37025,2
37026,2
37027,2
37028,2
37029,2
37030,2
37031,2
37032,2
37033,2
37034,2
37035,2
37036,2
37037,2
37269,2
37270,2
37271,2
37272,2
37273,2
37311,2
37312,2
37313,2
37315,2
37316,2
37317,2
37318,2
37319,2
37320,2
37321,2
37322,2
37324,2
37325,2
37326,2
37329,2
37330,2
37331,2
37332,2
37333,2
37334,2
37335,2
37336,2
37337,2
37338,2
37339,2
37340,2
37341,2
37344,2
37345,2
37346,2
37347,2
37349,2
37350,2
37351,2
37353,2
37354,2
37355,2
37357,2
37360,2
37361,2
37363,2
37364,2
37365,2
37366,2
37367,2
37368,2
37369,2
37371,2
37372,2
37373,2
37374,2
37375,2
37376,2
37378,2
37379,2
37380,2
37381,2
37382,2
37383,2
37385,2
37386,2
37388,2
37389,2
37390,2
37391,2
37393,2
37394,2
37396,2
37399,2
37400,2
37401,2
37402,2
37403,2
37404,2
37405,2
37406,2
37407,2
37408,2
37409,2
37411,2
37412,2
37415,2
37416,2
37417,2
37418,2
37419,2
37420,2
37421,2
37422,2
37423,2
37424,2
37425,2
37426,2
37427,2
37428,2
37429,2
37430,2
37431,2
37432,2
37433,2
37434,2
37435,2
37436,2
37437,2
37438,2
37439,2
37440,2
37441,2
37442,2
37443,2
37444,2
37445,2
37446,2
37447,2
37448,2
37449,2
37450,2
37451,2
37452,2
37453,2
37454,2
37455,2
37456,2
37457,2
37458,2
37460,2
37461,2
37462,2
37463,2
37464,2
37465,2
37467,2
37468,2
37469,2
37470,2
37471,2
37472,2
37473,2
37474,2
37475,2
37476,2
37477,2
37478,2
37479,2
37480,2
37481,2
37482,2
37483,2
37484,2
37485,2
37486,2
37487,2
37488,2
37489,2
37490,2
37491,2
37492,2
37493,2
37494,2
37496,2
37497,2
37498,2
37499,2
37500,2
37502,2
37503,2
37504,2
37506,2
37507,2
37508,2
37509,2
37510,2
37511,2
37512,2
37513,2
37515,2
37517,2
37518,2
37519,2
37520,2
37522,2
37523,2
37524,2
37525,2
37526,2
37527,2
37528,2
37529,2
37530,2
37531,2
37532,2
37533,2
37534,2
37535,2
37536,2
37537,2
37538,2
37539,2
37540,2
37541,2
37542,2
37543,2
37544,2
37545,2
37546,2
37547,2
37548,2
37561,2
37565,2
37566,2
37570,2
37575,2
37579,2
37580,2
37582,2
37583,2
37584,2
37585,2
37587,2
37588,2
37590,2
37593,2
37594,2
37595,2
37602,2
37603,2
37604,2
37605,2
37606,2
37607,2
37608,2
37609,2
37610,2
37611,2
37612,2
37613,2
37614,2
37615,2
37616,2
37617,2
37618,2
37619,2
37620,2
37621,2
37622,2
37623,2
37624,2
37625,2
37626,2
37627,2
37628,2
37629,2
37630,2
37631,2
37632,2
37633,2
37634,2
37635,2
37636,2
37637,2
37638,2
37639,2
37640,2
37641,2
37642,2
37643,2
37644,2
37645,2
37647,2
37648,2
37649,2
37650,2
37652,2
37653,2
37654,2
37655,2
37656,2
37657,2
37658,2
37659,2
37660,2
37661,2
37662,2
37663,2
37664,2
37665,2
37666,2
37667,2
37668,2
37669,2
37670,2
37671,2
37672,2
37673,2
37674,2
37675,2
37676,2
37677,2
37678,2
37679,2
37680,2
37681,2
37682,2
37683,2
37684,2
37685,2
37686,2
37687,2
37698,2
37769,2
37770,2
37771,2
37772,2
37773,2
37774,2
37775,2
37776,2
37777,2
37778,2
37779,2
37780,2
37781,2
37782,2
37783,2
37784,2
37793,2
37794,2
37795,2
37796,2
37797,2
37798,2
37799,2
37800,2
37801,2
37802,2
37828,2
37829,2
37830,2
37831,2
37832,2
37833,2
37834,2
37835,2
37836,2
37837,2
37838,2
37978,2
37980,2
38016,2
38017,2
38018,2
38019,2
38020,2
38021,2
38022,2
38023,2
38024,2
38025,2
38026,2
38027,2
38028,2
38029,2
38030,2
38031,2
38038,2
38465,2
38466,2
38468,2
38470,2
38471,2
38473,2
38475,2
38476,2
38477,2
38479,2
38485,2
38488,2
38509,2
38510,2
38511,2
38512,2
38513,2
38514,2
38515,2
38516,2
38517,2
38518,2
38519,2
38520,2
38521,2
38522,2
38523,2
38524,2
38525,2
38526,2
38527,2
38528,2
38529,2
38530,2
38531,2
38532,2
38533,2
38534,2
38535,2
38536,2
38551,2
38552,2
38553,2
38554,2
38555,2
38556,2
38787,2
38788,2
39012,2
39016,2
39017,2
39018,2
39019,2
39022,2
39024,2
39025,2
39026,2
39028,2
39029,2
39031,2
39032,2
39034,2
39035,2
39037,2
39039,2
39041,2
39042,2
39043,2
39044,2
39045,2
39046,2
39047,2
39048,2
39049,2
39053,2
39055,2
39056,2
39057,2
39058,2
39063,2
39066,2
39069,2
39070,2
39071,2
39072,2
39074,2
39075,2
39077,2
39078,2
39081,2
39082,2
39094,2
39117,2
39122,2
39123,2
39125,2
39904,2
39906,2
39913,2
40027,2
40045,2
42702,2
42705,2
42706,2
42708,2
42711,2
42713,2
42714,2
42715,2
42717,2
42718,2
42719,2
42722,2
42728,2
42729,2
42730,2
42731,2
42755,2
42757,2
42758,2
42759,2
42760,2
42761,2
42762,2
42763,2
42764,2
42766,2
42769,2
42770,2
42771,2
42772,2
42774,2
42775,2
42779,2
42780,2
42781,2
42782,2
42783,2
42784,2
42785,2
42786,2
42787,2
42788,2
42789,2
42791,2
42792,2
42793,2
42794,2
42795,2
42796,2
42797,2
42799,2
42800,2
42801,2
42802,2
42803,2
42804,2
42805,2
42807,2
42808,2
42809,2
42810,2
42811,2
42812,2
42813,2
42814,2
42816,2
42817,2
42818,2
42819,2
42820,2
42821,2
42822,2
42823,2
42824,2
42825,2
42826,2
42827,2
42828,2
42829,2
42830,2
42832,2
42834,2
42835,2
42836,2
42837,2
42839,2
42840,2
42841,2
42842,2
42843,2
42844,2
42845,2
42846,2
42847,2
42848,2
42849,2
42850,2
42851,2
42852,2
42855,2
42856,2
42857,2
42858,2
42862,2
42863,2
42865,2
42866,2
42867,2
42868,2
42869,2
42870,2
42872,2
42873,2
42874,2
42875,2
42876,2
42877,2
42878,2
42879,2
42880,2
42881,2
42882,2
42884,2
42885,2
42886,2
42887,2
42888,2
42889,2
42890,2
42891,2
42892,2
42893,2
42894,2
42897,2
42898,2
42899,2
42900,2
42901,2
42902,2
42903,2
42904,2
42905,2
42907,2
42908,2
42909,2
42910,2
42911,2
42912,2
42913,2
42915,2
42916,2
42917,2
42918,2
42919,2
42921,2
42922,2
42923,2
42924,2
42926,2
42927,2
42928,2
42929,2
42930,2
42931,2
42932,2
42934,2
42935,2
42937,2
42938,2
42939,2
42940,2
42941,2
42942,2
42943,2
42944,2
42945,2
42946,2
42948,2
42949,2
42952,2
42954,2
42956,2
42959,2
42960,2
42961,2
42962,2
42964,2
42965,2
42967,2
42969,2
42970,2
42974,2
42975,2
42976,2
42977,2
42978,2
42979,2
42980,2
42981,2
42983,2
42984,2
42985,2
42986,2
42987,2
42988,2
42991,2
42992,2
42993,2
42995,2
42996,2
42997,2
42998,2
42999,2
43000,2
43001,2
43002,2
43004,2
43005,2
43007,2
43008,2
43010,2
43011,2
43012,2
43013,2
43014,2
43015,2
43016,2
43017,2
43018,2
43019,2
43020,2
43022,2
43023,2
43024,2
43025,2
43026,2
43027,2
43028,2
43029,2
43030,2
43031,2
43032,2
43033,2
43034,2
43035,2
43036,2
43037,2
43038,2
43040,2
43042,2
43043,2
43044,2
43045,2
43046,2
43049,2
43050,2
43051,2
43052,2
43053,2
43054,2
43055,2
43056,2
43057,2
43058,2
43059,2
43060,2
43062,2
43063,2
43064,2
43065,2
43068,2
43069,2
43071,2
43073,2
43074,2
43075,2
43076,2
43086,2
43088,2
43089,2
43090,2
43091,2
43092,2
43094,2
43095,2
43098,2
43099,2
43100,2
43103,2
43105,2
43108,2
43109,2
43110,2
43111,2
43113,2
43114,2
43115,2
43116,2
43118,2
43119,2
43120,2
43121,2
43124,2
43126,2
43128,2
43129,2
43130,2
43132,2
43133,2
43134,2
43135,2
43136,2
43137,2
43138,2
43139,2
43140,2
43141,2
43143,2
43144,2
43147,2
43148,2
43149,2
43150,2
43151,2
43152,2
43153,2
43154,2
43155,2
43156,2
43157,2
43164,2
43167,2
43168,2
43169,2
43170,2
43171,2
43172,2
43173,2
43174,2
43175,2
43176,2
43177,2
43178,2
43180,2
43195,2
43197,2
43198,2
43199,2
43201,2
43202,2
43203,2
43204,2
43205,2
43206,2
43208,2
43209,2
43212,2
43213,2
43216,2
43217,2
43221,2
43225,2
43227,2
43228,2
43234,2
43235,2
43236,2
43239,2
43240,2
43241,2
43243,2
43246,2
43248,2
43250,2
43251,2
43252,2
43256,2
43257,2
43258,2
43259,2
43260,2
43261,2
43262,2
43265,2
43268,2
43270,2
43271,2
43272,2
43274,2
43276,2
43277,2
43279,2
43281,2
43282,2
43293,2
43294,2
43296,2
43299,2
43300,2
43301,2
43302,2
43303,2
43305,2
43306,2
43308,2
43311,2
43312,2
43313,2
43316,2
43317,2
43321,2
43323,2
43324,2
43325,2
43328,2
43329,2
43332,2
43334,2
43336,2
43337,2
43338,2
43339,2
43340,2
43341,2
43342,2
43343,2
43344,2
43346,2
43351,2
43352,2
43354,2
43359,2
43360,2
43361,2
43365,2
43366,2
43367,2
43368,2
43370,2
43372,2
43373,2
43379,2
43381,2
43382,2
43383,2
43384,2
43385,2
43387,2
43388,2
43389,2
43392,2
43395,2
43396,2
43398,2
43399,2
43401,2
43407,2
43408,2
43409,2
43410,2
43411,2
43413,2
43417,2
43418,2
43419,2
43420,2
43422,2
43423,2
43425,2
43426,2
43429,2
43431,2
43432,2
43436,2
43437,2
43438,2
43439,2
43441,2
43443,2
43444,2
43445,2
43447,2
43452,2
43455,2
43458,2
43459,2
43461,2
43463,2
43464,2
43465,2
43466,2
43467,2
43468,2
43470,2
43471,2
43473,2
43475,2
43476,2
43477,2
43479,2
43480,2
43481,2
43482,2
43483,2
43485,2
43486,2
43488,2
43489,2
43491,2
43492,2
43493,2
43495,2
43498,2
43502,2
43503,2
43504,2
43506,2
43507,2
43509,2
43510,2
43511,2
43512,2
43514,2
43517,2
43519,2
43521,2
43522,2
43523,2
43526,2
43531,2
43533,2
43537,2
43539,2
43540,2
43541,2
43542,2
43543,2
43547,2
43550,2
43552,2
43554,2
43555,2
43558,2
43559,2
43562,2
43563,2
43564,2
43565,2
43566,2
43567,2
43569,2
