key_timestamp,final_timestamp,worker_recv_timestamp,worker_before_process_timestamp,worker_after_process_timestamp,worker_send_timestamp
6462314008244230,6462314326537530,6462314039548870,6462314039619488,6462314325306489,6462314325308409
6462314272635771,6462314556268589,6462314282162975,6462314325582333,6462314553195876,6462314553197197
6462314512639924,6462314951963399,6462314522461496,6462314553449451,6462314951009639,6462314951012085
6462314912569121,6462314979300629,6462314924980235,6462314951404976,6462314978517744,6462314978518669
6462314953416328,6462315094066492,6462314964861612,6462314978746267,6462315093379465,6462315093380645
6462315072617020,6462315306014005,6462315083260546,6462315093496614,6462315305351845,6462315305352865
6462315272789252,6462315614012999,6462315284558910,6462315305592868,6462315613345467,6462315613346410
6462315592661309,6462315640711934,6462315605416734,6462315613527972,6462315637884040,6462315637885557
6462315632613243,6462315666985705,6462315642275930,6462315642327592,6462315666314682,6462315666316456
6462315672510047,6462315707139915,6462315682264636,6462315682314981,6462315706458588,6462315706460076
6462315713920727,6462315758264376,6462315729945436,6462315730009211,6462315757449346,6462315757450922
6462315752807643,6462315788166048,6462315763247461,6462315763304697,6462315787556958,6462315787557937
6462315792806560,6462316211846504,6462315802725093,6462315802784053,6462316210864465,6462316210865488
6462316193085157,6462316240135033,6462316207401353,6462316211080836,6462316235756712,6462316235758834
6462316232585304,6462316531067142,6462316241568106,6462316241627850,6462316530309617,6462316530311162
6462316512628461,6462316848031443,6462316525903424,6462316530567287,6462316847089094,6462316847090170
6462316833163051,6462316879838285,6462316846242272,6462316847196365,6462316871710968,6462316871712340
6462316872638582,6462316906473659,6462316881588479,6462316881641189,6462316905859633,6462316905860677
6462316912651232,6462316946717149,6462316921726177,6462316921790993,6462316946090367,6462316946091539
6462316952556340,6462316986515386,6462316961689072,6462316961751082,6462316985901164,6462316985902153
6462316992550415,6462317026001541,6462317001211599,6462317001255082,6462317025374533,6462317025375519
6462317032626893,6462317066028746,6462317041255312,6462317041314911,6462317065388354,6462317065389348
6462317074604864,6462317118238347,6462317091898401,6462317091958609,6462317117582023,6462317117583285
6462317112808705,6462317148775174,6462317123505951,6462317123551371,6462317147920116,6462317147921243
6462317152588698,6462317186977943,6462317161793760,6462317161853211,6462317186368407,6462317186369581
6462317192562624,6462317227003146,6462317201446043,6462317201504392,6462317226329862,6462317226331094
6462317232571561,6462317267686542,6462317242486991,6462317242549759,6462317267082681,6462317267083690
6462317272827008,6462317308353295,6462317283257632,6462317283316123,6462317307681829,6462317307682936
6462317312626423,6462317345947380,6462317321231034,6462317321291547,6462317345304135,6462317345305260
6462317352836518,6462317389435847,6462317364286631,6462317364343113,6462317388592964,6462317388594044
6462317392526879,6462317426821625,6462317401307198,6462317401366545,6462317425885121,6462317425886431
6462317433139706,6462317476814658,6462317447952416,6462317448030194,6462317472844072,6462317472846496
6462317472852814,6462317507520395,6462317482453570,6462317482542036,6462317506895587,6462317506896656
6462317512499732,6462317546336733,6462317521335102,6462317521382779,6462317545668647,6462317545669699
6462317552909918,6462317587344947,6462317562270822,6462317562365893,6462317586725199,6462317586726413
6462317592795580,6462317628763950,6462317603771753,6462317603828023,6462317628148581,6462317628149590
6462317632601795,6462317666724408,6462317641731292,6462317641790456,6462317666088657,6462317666089823
6462317672555125,6462317706646367,6462317681525288,6462317681585676,6462317705988208,6462317705989403
6462317712563296,6462317747555360,6462317722221345,6462317722289909,6462317746919374,6462317746920470
6462317752836668,6462317790489246,6462317764946736,6462317765009547,6462317789777831,6462317789779044
6462317792604141,6462317837690518,6462317804202253,6462317804266909,6462317832806833,6462317832808828
6462317833072905,6462317871133661,6462317844651718,6462317844708720,6462317870458459,6462317870459759
6462317872978475,6462317909454636,6462317884174302,6462317884234382,6462317908789858,6462317908790907
6462317913000921,6462318230760825,6462317924546228,6462317924604758,6462318229912674,6462318229913792
6462318192814034,6462318256683533,6462318207448831,6462318230031519,6462318255795997,6462318255796859
6462318232543841,6462318281379753,6462318242828647,6462318255906923,6462318280601481,6462318280602518
6462318272578681,6462318319892443,6462318282339982,6462318282383630,6462318306612054,6462318306613475
6462318312543839,6462318346507309,6462318321312908,6462318321359951,6462318345874331,6462318345875392
6462318352945862,6462318389876631,6462318364656204,6462318364719872,6462318389248410,6462318389249651
6462318392832870,6462318428311884,6462318404102630,6462318404167012,6462318427638287,6462318427639389
6462318432868562,6462318467972838,6462318443749155,6462318443811970,6462318467227785,6462318467229109
6462318472584459,6462318506231973,6462318481994343,6462318482053526,6462318505470370,6462318505471493
6462318512604615,6462318547080811,6462318522319592,6462318522376005,6462318546277756,6462318546279646
6462318552583971,6462318586404473,6462318562272562,6462318562323528,6462318585778254,6462318585779595
6462318592658504,6462318625773715,6462318601322675,6462318601373153,6462318625162970,6462318625164226
6462318632479922,6462318665772683,6462318641150248,6462318641202728,6462318664990186,6462318664991390
6462318672915031,6462318709422249,6462318683871863,6462318683928643,6462318708737593,6462318708738687
6462318712657869,6462318748042402,6462318722643450,6462318722701755,6462318747360948,6462318747362330
6462318752572542,6462318788902618,6462318762407315,6462318762467033,6462318788166441,6462318788167912
6462318792596958,6462318837274684,6462318802484588,6462318802539804,6462318832654609,6462318832655767
6462318833313290,6462318868493532,6462318844639588,6462318844700815,6462318867901767,6462318867902925
6462318872527331,6462318905235886,6462318881454980,6462318881542798,6462318904659537,6462318904660662
6462318912624705,6462318945794471,6462318921763927,6462318921854845,6462318945151036,6462318945152395
6462318952889259,6462319004487449,6462318965533327,6462318965593154,6462319003075574,6462319003077473
6462318992934991,6462319128436731,6462319053095703,6462319056071981,6462319124593985,6462319124596480
6462319085029747,6462319151084767,6462319109387714,6462319124991954,6462319150406901,6462319150407978
6462319124555703,6462319174935522,6462319135613548,6462319150651070,6462319174240458,6462319174241623
6462319165255684,6462319200934981,6462319176684615,6462319176734559,6462319200197272,6462319200198671
6462319204570367,6462319238760135,6462319214761695,6462319214820156,6462319238173662,6462319238174941
6462319244601364,6462319277849077,6462319253794867,6462319253884605,6462319277202868,6462319277204236
6462319284522588,6462319317414846,6462319293538023,6462319293624439,6462319316820345,6462319316821763
6462319324549746,6462319357904759,6462319333499729,6462319333549729,6462319357236228,6462319357237531
6462319364639206,6462319399667331,6462319374628202,6462319374716768,6462319398981226,6462319398982386
6462319404665049,6462319440153823,6462319414971360,6462319415061269,6462319439231086,6462319439232171
6462319444634708,6462319479374870,6462319454421751,6462319454477887,6462319478756741,6462319478757874
6462319484628386,6462319517643717,6462319493794408,6462319493844562,6462319516957403,6462319516958636
6462319524591290,6462319557265448,6462319533488258,6462319533537859,6462319556673900,6462319556675011
6462319564500963,6462319597375081,6462319573632962,6462319573683649,6462319596792766,6462319596793743
6462319604632697,6462319637996932,6462319613841808,6462319613894555,6462319637377921,6462319637379072
6462319644556099,6462319679083466,6462319654694460,6462319654754573,6462319678248387,6462319678249435
6462319684833465,6462319719797955,6462319695724319,6462319695775719,6462319719142187,6462319719143462
6462319724518177,6462319758601972,6462319734351564,6462319734408122,6462319758043808,6462319758045204
6462319764831462,6462319800246337,6462319775835940,6462319775890083,6462319799359368,6462319799360609
6462319804561702,6462319838301830,6462319813928231,6462319813980506,6462319837437536,6462319837439013
6462319844489893,6462319878861721,6462319854074847,6462319854135276,6462319878009288,6462319878010375
6462319884602108,6462319917714520,6462319893542110,6462319893600110,6462319917065466,6462319917066882
6462319924866613,6462319959317470,6462319934989077,6462319935047299,6462319958641830,6462319958643093
6462319965023876,6462320001874858,6462319976816948,6462319976881339,6462320001229242,6462320001230441
6462320004912977,6462320040405110,6462320015258976,6462320015349686,6462320039582484,6462320039583663
6462320044591672,6462320078095284,6462320053815618,6462320053860889,6462320077284556,6462320077286065
6462320084855140,6462320156306312,6462320123388311,6462320123453435,6462320155436178,6462320155437533
6462320125362757,6462320186649638,6462320140191336,6462320155732527,6462320185666894,6462320185669014
6462320165348378,6462320214663493,6462320188438597,6462320188492392,6462320211954651,6462320211956594
6462320204819906,6462320240228095,6462320216308818,6462320216396443,6462320239588360,6462320239589389
6462320244599522,6462320279563657,6462320255220258,6462320255288657,6462320278920233,6462320278921575
6462320284578372,6462320319008562,6462320294724297,6462320294782968,6462320318380524,6462320318382304
6462320324561709,6462320358075586,6462320333996180,6462320334054791,6462320357462676,6462320357464280
6462320364542113,6462320398702730,6462320374434894,6462320374497094,6462320398078733,6462320398079787
6462320404559058,6462320438773961,6462320414653282,6462320414725856,6462320438190001,6462320438191166
6462320444571479,6462320478850301,6462320454589900,6462320454654123,6462320478237112,6462320478238227
6462320487168217,6462320605362257,6462320524069759,6462320524232335,6462320603912346,6462320603915142
6462320566351356,6462320644711558,6462320599932821,6462320604467640,6462320643575532,6462320643578171
6462320606344798,6462320676116894,6462320623408903,6462320643945282,6462320675242795,6462320675244306
6462320645616173,6462320701303907,6462320662871795,6462320675536692,6462320700633297,6462320700634142
6462320684601534,6462320732134190,6462320695266365,6462320700734493,6462320723985771,6462320723987396
6462320724701772,6462320757672376,6462320733644895,6462320733696696,6462320756833463,6462320756834569
6462320766065698,6462320812972797,6462320784068724,6462320784154486,6462320812202883,6462320812204152
6462320805009995,6462320840850229,6462320816800060,6462320816852277,6462320840193745,6462320840195039
6462320844603195,6462320878481032,6462320853995090,6462320854049134,6462320877526955,6462320877528035
6462320884690342,6462320919473680,6462320895444019,6462320895492073,6462320918893254,6462320918894319
6462320924828863,6462320960242616,6462320936186291,6462320936269232,6462320959562460,6462320959563672
6462320964528280,6462320998456777,6462320974117952,6462320974177659,6462320997849414,6462320997850515
6462321004784382,6462321038732068,6462321014662291,6462321014717531,6462321038126049,6462321038127363
6462321044901093,6462321132289082,6462321055846705,6462321055900105,6462321131486511,6462321131488115
6462321085152361,6462321160123812,6462321121282029,6462321131821390,6462321159380444,6462321159381932
6462321124911762,6462321185549332,6462321140045197,6462321159651461,6462321184785228,6462321184786549
6462321164625103,6462321211150979,6462321187099991,6462321187152685,6462321210473087,6462321210474584
6462321204522114,6462321238158185,6462321213922789,6462321213986662,6462321237239702,6462321237241254
6462321244861689,6462321290844042,6462321259168345,6462321259244901,6462321289928860,6462321289930413
6462321284699635,6462321318040473,6462321294304198,6462321294356043,6462321317413667,6462321317414704
6462321324501246,6462321357335337,6462321333524950,6462321333576255,6462321356756463,6462321356757601
6462321364522657,6462321397471592,6462321373558906,6462321373610092,6462321396840655,6462321396841787
6462321404927716,6462321439245976,6462321415384315,6462321415435674,6462321438591451,6462321438592600
6462321444599083,6462321477467131,6462321453502801,6462321453552729,6462321476840231,6462321476841261
6462321486936500,6462321617737310,6462321524181954,6462321524380805,6462321614777932,6462321614780095
6462321573623686,6462321646863974,6462321612522336,6462321615360648,6462321646065286,6462321646066577
6462321610772928,6462321671647217,6462321627704500,6462321646389069,6462321670937670,6462321670939168
6462321649441042,6462321697956114,6462321662996416,6462321671176533,6462321694704515,6462321694707191
6462321689234619,6462321723804930,6462321699502764,6462321699559987,6462321722962065,6462321722963252
6462321729046446,6462321762856358,6462321738913017,6462321738972653,6462321762096323,6462321762097565
6462321769084566,6462321803047585,6462321779303080,6462321779365392,6462321802500421,6462321802501869
6462321809052267,6462321842627601,6462321818743400,6462321818806104,6462321842008661,6462321842009924
6462321849066557,6462321881509203,6462321858073278,6462321858134593,6462321880881749,6462321880882856
6462321889211222,6462321924578972,6462321898485278,6462321898544798,6462321923951496,6462321923952654
6462321929054568,6462321962874612,6462321938682385,6462321938743386,6462321962214688,6462321962216221
6462321969331787,6462322005135522,6462321979581730,6462321979646927,6462322004431972,6462322004433231
6462322009185540,6462322044634380,6462322019333714,6462322019444618,6462322043905245,6462322043906440
6462322049291670,6462322084819075,6462322059781870,6462322059873916,6462322084231803,6462322084233024
6462322089074544,6462322121806131,6462322098414441,6462322098502488,6462322121163489,6462322121164483
6462322130468450,6462322226431789,6462322155604151,6462322155713738,6462322221725484,6462322221728814
6462322172120468,6462322268560047,6462322223693920,6462322223880116,6462322267732515,6462322267734053
6462322213821608,6462322295748383,6462322242618992,6462322268658929,6462322293779837,6462322293781522
6462322249891377,6462322319742497,6462322272959553,6462322294112599,6462322318759464,6462322318760643
6462322291918043,6462322343484839,6462322302477339,6462322318908314,6462322342658704,6462322342660071
6462322329408416,6462322378687756,6462322344044086,6462322344088375,6462322367361225,6462322367362490
6462322369416345,6462322404044858,6462322380168447,6462322380226476,6462322403341205,6462322403342325
6462322409317456,6462322443787355,6462322420346491,6462322420404834,6462322443123904,6462322443125519
6462322449349998,6462322483909568,6462322460038180,6462322460102876,6462322483257054,6462322483258569
6462322489341550,6462322521981862,6462322498846886,6462322498905989,6462322521360216,6462322521361486
6462322529171285,6462322561220903,6462322537985056,6462322538045027,6462322560476854,6462322560477963
6462322569119166,6462322601666994,6462322578173790,6462322578230754,6462322601039252,6462322601040397
6462322610040909,6462322672438492,6462322623613898,6462322623686206,6462322671377565,6462322671379508
6462322649483391,6462322714396703,6462322681065144,6462322681135368,6462322713528521,6462322713529529
6462322689084667,6462322746740011,6462322709679552,6462322713761909,6462322744829267,6462322744831489
6462322729119067,6462322779989136,6462322748977509,6462322749038013,6462322778648161,6462322778649692
6462322769246778,6462322807481347,6462322783816697,6462322783884374,6462322806660770,6462322806662117
6462322809079918,6462322841897665,6462322818558322,6462322818646909,6462322841275555,6462322841276953
6462322849112614,6462322881362250,6462322858153472,6462322858220451,6462322880668098,6462322880669483
6462322889117298,6462322923886728,6462322899950529,6462322900025923,6462322923085356,6462322923087134
6462322929415729,6462322964308472,6462322940410200,6462322940466800,6462322963553247,6462322963555031
6462322969104778,6462323004273538,6462322979902650,6462322979960977,6462323003368826,6462323003371239
6462323009644741,6462323046649550,6462323022652263,6462323022718191,6462323046020525,6462323046021935
6462323049187181,6462323083613452,6462323059796962,6462323059855223,6462323082947254,6462323082948581
6462323089191047,6462323123450609,6462323099573222,6462323099637170,6462323122647346,6462323122648778
6462323129072654,6462323163154335,6462323139184522,6462323139243245,6462323162470942,6462323162472442
6462323169038379,6462323201372420,6462323177889186,6462323177975725,6462323200551541,6462323200553195
6462323209077036,6462323241193052,6462323218013219,6462323218073262,6462323240564505,6462323240565626
6462323249152839,6462323287576499,6462323258251177,6462323258317233,6462323286971367,6462323286973129
6462323289031823,6462323321568074,6462323298239609,6462323298292232,6462323320854400,6462323320855389
6462323329349701,6462323362813494,6462323339398941,6462323339449854,6462323361986536,6462323361987553
6462323369396253,6462323402906894,6462323379685367,6462323379736092,6462323402232566,6462323402233437
6462323412877028,6462323476030514,6462323443398852,6462323443502229,6462323475208120,6462323475209168
6462323449617930,6462323498957726,6462323464392755,6462323475421104,6462323498340874,6462323498343165
6462323489215330,6462323538124756,6462323500414920,6462323500494354,6462323523010101,6462323523011338
6462323529437630,6462323563348154,6462323539766122,6462323539827923,6462323562746043,6462323562747553
6462323569365484,6462323603251092,6462323579777398,6462323579835816,6462323602573086,6462323602574264
6462323609063630,6462323641902876,6462323618608724,6462323618669740,6462323641314910,6462323641316101
6462323649067369,6462323682145421,6462323658390329,6462323658452169,6462323681436370,6462323681437665
6462323689106557,6462323722500260,6462323698941887,6462323699004905,6462323721864554,6462323721865692
6462323729131539,6462323762582233,6462323738864528,6462323738924742,6462323761918422,6462323761919895
6462323769127781,6462323801342248,6462323777904113,6462323777945963,6462323800524794,6462323800525915
6462323809361519,6462323845259995,6462323821612616,6462323821678604,6462323844632274,6462323844633407
6462323849290925,6462323883467734,6462323859370525,6462323859428887,6462323882716186,6462323882717373
6462323889615172,6462323927574708,6462323902291761,6462323902351653,6462323926877936,6462323926879200
6462323929165119,6462323964440522,6462323939332513,6462323939397736,6462323963726605,6462323963728075
6462323969176853,6462324022288752,6462323981477081,6462323981532411,6462324021296575,6462324021298194
6462324009740964,6462324062105622,6462324028215652,6462324028267865,6462324058179727,6462324058182057
6462324050046551,6462324096631479,6462324065249633,6462324065318391,6462324095399976,6462324095401677
6462324089501574,6462324136560285,6462324105029673,6462324105091970,6462324135227252,6462324135229509
6462324129241520,6462324166062775,6462324142120739,6462324142180960,6462324165423837,6462324165424894
6462324169465140,6462324204387572,6462324180662221,6462324180717792,6462324203505206,6462324203506676
6462324209396406,6462324245708736,6462324221377325,6462324221438114,6462324244927210,6462324244928289
6462324249398043,6462324283965216,6462324260481563,6462324260538016,6462324283344378,6462324283345633
6462324289286913,6462324324389727,6462324300078405,6462324300134698,6462324323757965,6462324323759157
6462324329098944,6462324362118866,6462324338595459,6462324338653540,6462324361481903,6462324361483032
6462324369242403,6462324402562490,6462324378829122,6462324378889016,6462324401929697,6462324401931275
6462324409137684,6462324441838689,6462324418453847,6462324418512844,6462324441216218,6462324441217407
6462324449089139,6462324482858811,6462324459150480,6462324459212641,6462324482187108,6462324482188744
6462324489274650,6462324533257304,6462324500106237,6462324500165588,6462324530198879,6462324530200664
6462324529350535,6462324562346061,6462324539149278,6462324539213295,6462324561784027,6462324561785242
6462324569134891,6462324601476464,6462324578289958,6462324578377674,6462324600871374,6462324600872440
6462324609345543,6462324642900807,6462324619673255,6462324619763623,6462324642181210,6462324642182460
6462324649207539,6462324686857087,6462324660724650,6462324660791595,6462324686129713,6462324686130899
6462324689143369,6462324725346854,6462324699818278,6462324699879213,6462324724630786,6462324724631950
6462324729142543,6462324764320101,6462324739343943,6462324739403197,6462324763558803,6462324763560032
6462324769545175,6462324807359587,6462324782062110,6462324782131346,6462324806628725,6462324806630320
6462324809526768,6462324846211385,6462324822082272,6462324822147907,6462324845391199,6462324845392772
6462324849079967,6462324882468540,6462324858871780,6462324858938391,6462324881779270,6462324881780421
6462324889103572,6462324922237916,6462324898631424,6462324898689559,6462324921610426,6462324921611627
6462324929429331,6462324965117205,6462324941383164,6462324941448379,6462324964505519,6462324964506967
6462324969099127,6462325006816292,6462324980668856,6462324980731361,6462325005924768,6462325005926557
6462325009582921,6462325053292003,6462325022018912,6462325022076295,6462325051790581,6462325051792098
6462325049486251,6462325082526443,6462325059108340,6462325059166684,6462325081878872,6462325081880411
6462325089128010,6462325122625970,6462325098886789,6462325098944772,6462325121935664,6462325121936740
6462325129243311,6462325164208728,6462325139977329,6462325140050143,6462325163563287,6462325163564474
6462325169081418,6462325201261557,6462325178042694,6462325178129599,6462325200658269,6462325200659954
6462325209084873,6462325241971391,6462325218623821,6462325218683249,6462325241362057,6462325241363102
6462325249196818,6462325281115551,6462325257978166,6462325258031736,6462325280491546,6462325280492740
6462325289265725,6462325325387269,6462325299996550,6462325300072487,6462325324657574,6462325324658802
6462325329204697,6462325365194189,6462325339652883,6462325339750074,6462325364475779,6462325364477414
6462325369531183,6462325410299922,6462325383788101,6462325383862246,6462325409425325,6462325409427048
6462325412472228,6462325448903868,6462325425153853,6462325425214469,6462325448167866,6462325448169161
6462325449675268,6462325484249637,6462325460797117,6462325460857309,6462325483517716,6462325483518906
6462325489074436,6462325523251114,6462325499806302,6462325499862360,6462325522642989,6462325522644199
6462325529054493,6462325562578176,6462325538936924,6462325538995793,6462325561782154,6462325561783668
6462325569436252,6462325605422938,6462325581636620,6462325581694429,6462325604685299,6462325604686542
6462325609059621,6462325642708032,6462325619253372,6462325619302860,6462325642047260,6462325642048426
6462325649190655,6462325682302338,6462325658625358,6462325658677180,6462325681648276,6462325681649555
6462325689121765,6462325722400943,6462325698904353,6462325698963214,6462325721685560,6462325721686986
6462325729291067,6462325765746460,6462325740857840,6462325740927195,6462325765035768,6462325765037338
6462325769432710,6462325805777092,6462325781338068,6462325781398088,6462325805169631,6462325805170973
6462325809309893,6462325844108861,6462325819807425,6462325819875355,6462325843393542,6462325843395368
6462325849193107,6462325883568048,6462325858976779,6462325859028514,6462325882691321,6462325882692778
6462325889529518,6462325927772825,6462325901870754,6462325901940540,6462325927027596,6462325927029146
6462325929229241,6462325965122685,6462325939818117,6462325939883794,6462325964378962,6462325964380142
6462325969149672,6462326004204841,6462325979182681,6462325979278721,6462326003559486,6462326003560854
6462326009221608,6462326046778344,6462326021475541,6462326021537211,6462326046080891,6462326046082147
6462326049165350,6462326085590837,6462326060114393,6462326060171319,6462326084891169,6462326084892463
6462326089027716,6462326121947140,6462326098478514,6462326098531258,6462326121349536,6462326121350692
6462326129105223,6462326162009962,6462326138654884,6462326138709557,6462326161382223,6462326161383238
6462326169342597,6462326206280633,6462326182304751,6462326182364270,6462326205510951,6462326205512022
6462326209457758,6462326244387783,6462326220827842,6462326220887360,6462326243758785,6462326243760173
6462326249117034,6462326281956524,6462326258624570,6462326258686008,6462326281365478,6462326281366607
6462326289105369,6462326322184896,6462326298741156,6462326298804512,6462326321558213,6462326321559235
6462326329066961,6462326362061519,6462326338466065,6462326338544155,6462326361383387,6462326361384587
6462326369309028,6462326413613413,6462326380863708,6462326380928928,6462326412855197,6462326412856929
6462326409124302,6462326442014320,6462326418716217,6462326418804414,6462326441202373,6462326441203405
6462326449387581,6462326482439674,6462326459133771,6462326459179130,6462326481634113,6462326481635159
6462326493146676,6462326607169102,6462326538316776,6462326538512972,6462326606285016,6462326606286866
6462326572380647,6462326640699801,6462326593157493,6462326606587211,6462326639889189,6462326639890446
6462326610033826,6462326665835358,6462326623881144,6462326640197261,6462326665040759,6462326665041888
6462326649761268,6462326698113556,6462326662912439,6462326665186821,6462326689488023,6462326689489938
6462326689818328,6462326724402643,6462326699905721,6462326699968632,6462326723755895,6462326723757229
6462326729904110,6462326763925604,6462326740485975,6462326740539450,6462326763298163,6462326763299208
6462326769594669,6462326802973200,6462326779322150,6462326779385843,6462326802191782,6462326802192909
6462326809951620,6462326844539858,6462326820918083,6462326820995956,6462326843685677,6462326843686794
6462326849776463,6462326883785526,6462326859930780,6462326859992443,6462326883133189,6462326883134375
6462326889907548,6462326925327436,6462326900969116,6462326901022642,6462326924270442,6462326924271650
6462326929707153,6462326964487632,6462326940666225,6462326940721930,6462326963750670,6462326963752493
6462326969636892,6462327005278407,6462326980470962,6462326980531618,6462327004535172,6462327004536910
6462327009798245,6462327044992810,6462327020403127,6462327020455572,6462327044341173,6462327044343379
6462327049970639,6462327085252782,6462327061590224,6462327061648016,6462327084611439,6462327084612981
6462327090062729,6462327124589055,6462327100851779,6462327100907530,6462327123980788,6462327123982425
6462327129944245,6462327163761849,6462327140459942,6462327140518410,6462327163063617,6462327163065270
6462327169663178,6462327201716932,6462327178489620,6462327178544951,6462327201137379,6462327201139147
6462327209628148,6462327244325380,6462327219568295,6462327219657383,6462327243651908,6462327243653588
