key_timestamp,eio_sid,event,worker_recv_timestamp,worker_before_process_timestamp,worker_after_process_timestamp,worker_send_timestamp,before_encode_timestamp,after_encode_timestamp,size,before_lz4_encode_timestamp,after_lz4_encode_timestamp,before_send_timestamp,after_send_timestamp
6462314008244230,_w-UuvaNp-4aAR7EAAAA,image_h264,0,0,0,0,6462314019807297,6462314030961472,153552,0,0,6462314031033032,6462314031115991
6462314036577839,_w-UuvaNp-4aAR7EAAAA,image_h264,0,0,0,0,6462314036602698,6462314044877219,18805,0,0,6462314044935644,6462314045015769
6462314073017431,_w-UuvaNp-4aAR7EAAAA,image_h264,0,0,0,0,6462314073037945,6462314082111610,26708,0,0,6462314082170492,6462314082246383
6462314112976128,_w-UuvaNp-4aAR7EAAAA,image_h264,0,0,0,0,6462314112993554,6462314120976986,32097,0,0,6462314121056878,6462314121172145
6462314152933017,_w-UuvaNp-4aAR7EAAAA,image_h264,0,0,0,0,6462314152952695,6462314162487518,38026,0,0,6462314162543097,6462314162621487
6462314192679298,_w-UuvaNp-4aAR7EAAAA,image_h264,0,0,0,0,6462314192697352,6462314199738403,38587,0,0,6462314199796455,6462314199880724
6462314232845144,_w-UuvaNp-4aAR7EAAAA,image_h264,0,0,0,0,6462314232865150,6462314241156422,34795,0,0,6462314241214435,6462314241292582
6462314272635771,_w-UuvaNp-4aAR7EAAAA,image_h264,0,0,0,0,6462314272652374,6462314279636808,40398,0,0,6462314279693301,6462314279773081
6462314313178567,_w-UuvaNp-4aAR7EAAAA,image_h264,0,0,0,0,6462314313203195,6462314325467667,34906,0,0,6462314325585557,6462314325729757
6462314353178631,_w-UuvaNp-4aAR7EAAAA,image_h264,0,0,0,0,6462314353204174,6462314362238062,34286,0,0,6462314362298008,6462314362371786
6462314392659475,_w-UuvaNp-4aAR7EAAAA,image_h264,0,0,0,0,6462314392677581,6462314399623708,45408,0,0,6462314399681194,6462314399753160
6462314432606349,_w-UuvaNp-4aAR7EAAAA,image_h264,0,0,0,0,6462314432622268,6462314439385655,37899,0,0,6462314439442995,6462314439517649
6462314472603525,_w-UuvaNp-4aAR7EAAAA,image_h264,0,0,0,0,6462314472621253,6462314479628079,36386,0,0,6462314479687571,6462314479761244
6462314512639924,_w-UuvaNp-4aAR7EAAAA,image_h264,0,0,0,0,6462314512656676,6462314519707884,36025,0,0,6462314519766027,6462314519909567
6462314552576119,_w-UuvaNp-4aAR7EAAAA,image_h264,0,0,0,0,6462314552591914,6462314559570957,40183,0,0,6462314559649580,6462314559749565
6462314592675958,_w-UuvaNp-4aAR7EAAAA,image_h264,0,0,0,0,6462314592694044,6462314601459577,37756,0,0,6462314601539309,6462314601651635
6462314632980736,_w-UuvaNp-4aAR7EAAAA,image_h264,0,0,0,0,6462314633003156,6462314642141038,38374,0,0,6462314642200655,6462314642276520
6462314673091638,_w-UuvaNp-4aAR7EAAAA,image_h264,0,0,0,0,6462314673113838,6462314683089655,37686,0,0,6462314683170451,6462314683284454
6462314712952915,_w-UuvaNp-4aAR7EAAAA,image_h264,0,0,0,0,6462314712975538,6462314722681352,36525,0,0,6462314722766965,6462314722878354
6462314752705776,_w-UuvaNp-4aAR7EAAAA,image_h264,0,0,0,0,6462314752723794,6462314759964375,38506,0,0,6462314760048603,6462314760133885
6462314792677172,_w-UuvaNp-4aAR7EAAAA,image_h264,0,0,0,0,6462314792694830,6462314799769441,37780,0,0,6462314799842219,6462314799942081
6462314832551387,_w-UuvaNp-4aAR7EAAAA,image_h264,0,0,0,0,6462314832567399,6462314839554901,35291,0,0,6462314839611284,6462314839683028
6462314872631254,_w-UuvaNp-4aAR7EAAAA,image_h264,0,0,0,0,6462314872651944,6462314879699584,39083,0,0,6462314879771765,6462314879867793
6462314912569121,_w-UuvaNp-4aAR7EAAAA,image_h264,0,0,0,0,6462314912585131,6462314919587104,34408,0,0,6462314919665177,6462314919760643
6462314953416328,_w-UuvaNp-4aAR7EAAAA,image_h264,0,0,0,0,6462314953434375,6462314961253810,39639,0,0,6462314961331282,6462314961435151
6462314992573635,_w-UuvaNp-4aAR7EAAAA,image_h264,0,0,0,0,6462314992589934,6462314999917508,36791,0,0,6462314999990628,6462315000106205
6462315032605880,_w-UuvaNp-4aAR7EAAAA,image_h264,0,0,0,0,6462315032622799,6462315039582044,37076,0,0,6462315039642424,6462315039715270
6462315072617020,_w-UuvaNp-4aAR7EAAAA,image_h264,0,0,0,0,6462315072633375,6462315080337983,42134,0,0,6462315080392767,6462315080472790
6462315112990199,_w-UuvaNp-4aAR7EAAAA,image_h264,0,0,0,0,6462315113011380,6462315121100363,37470,0,0,6462315121182742,6462315121284217
6462315152822307,_w-UuvaNp-4aAR7EAAAA,image_h264,0,0,0,0,6462315152841839,6462315161068692,39021,0,0,6462315161124962,6462315161198653
6462315192647601,_w-UuvaNp-4aAR7EAAAA,image_h264,0,0,0,0,6462315192663891,6462315199726981,37913,0,0,6462315199801230,6462315199904112
6462315232952617,_w-UuvaNp-4aAR7EAAAA,image_h264,0,0,0,0,6462315232974962,6462315241498996,37876,0,0,6462315241581792,6462315241700076
6462315272789252,_w-UuvaNp-4aAR7EAAAA,image_h264,0,0,0,0,6462315272808905,6462315281695857,36612,0,0,6462315281764465,6462315281860983
6462315312566820,_w-UuvaNp-4aAR7EAAAA,image_h264,0,0,0,0,6462315312582727,6462315319914466,36344,0,0,6462315319985157,6462315320097343
6462315352624194,_w-UuvaNp-4aAR7EAAAA,image_h264,0,0,0,0,6462315352640690,6462315360233967,34921,0,0,6462315360292547,6462315360364117
6462315392614745,_w-UuvaNp-4aAR7EAAAA,image_h264,0,0,0,0,6462315392631180,6462315401519890,38317,0,0,6462315401603390,6462315401720424
6462315432944472,_w-UuvaNp-4aAR7EAAAA,image_h264,0,0,0,0,6462315432967183,6462315441303713,36647,0,0,6462315441363296,6462315441438847
6462315473219258,_w-UuvaNp-4aAR7EAAAA,image_h264,0,0,0,0,6462315473242820,6462315482183731,43423,0,0,6462315482269751,6462315482378832
6462315512950089,_w-UuvaNp-4aAR7EAAAA,image_h264,0,0,0,0,6462315512968689,6462315521177991,37082,0,0,6462315521259986,6462315521368858
6462315553270020,_w-UuvaNp-4aAR7EAAAA,image_h264,0,0,0,0,6462315553296692,6462315562985110,38406,0,0,6462315563074500,6462315563189413
6462315592661309,_w-UuvaNp-4aAR7EAAAA,image_h264,0,0,0,0,6462315592678885,6462315602243141,52261,0,0,6462315602311073,6462315602394076
6462315632613243,_w-UuvaNp-4aAR7EAAAA,image_h264,0,0,0,0,6462315632631046,6462315639914998,42284,0,0,6462315639974249,6462315640063880
6462315672510047,_w-UuvaNp-4aAR7EAAAA,image_h264,0,0,0,0,6462315672524144,6462315679831577,39011,0,0,6462315679901469,6462315679997669
6462315713920727,_w-UuvaNp-4aAR7EAAAA,image_h264,0,0,0,0,6462315713947226,6462315726592145,37242,0,0,6462315726668679,6462315726768315
6462315752807643,_w-UuvaNp-4aAR7EAAAA,image_h264,0,0,0,0,6462315752824480,6462315760862565,40817,0,0,6462315760932411,6462315761022508
6462315792806560,_w-UuvaNp-4aAR7EAAAA,image_h264,0,0,0,0,6462315792825352,6462315800412136,38622,0,0,6462315800470693,6462315800545453
6462315832644476,_w-UuvaNp-4aAR7EAAAA,image_h264,0,0,0,0,6462315832666045,6462315840816777,44628,0,0,6462315840881814,6462315840957586
6462315873137899,_w-UuvaNp-4aAR7EAAAA,image_h264,0,0,0,0,6462315873162116,6462315884777450,38361,0,0,6462315884854834,6462315884961068
6462315913236917,_w-UuvaNp-4aAR7EAAAA,image_h264,0,0,0,0,6462315913260739,6462315922823548,39385,0,0,6462315922905723,6462315923012642
6462315952939338,_w-UuvaNp-4aAR7EAAAA,image_h264,0,0,0,0,6462315952960691,6462315961640038,37899,0,0,6462315961718512,6462315961821704
6462315993466708,_w-UuvaNp-4aAR7EAAAA,image_h264,0,0,0,0,6462315993488689,6462316002331333,43912,0,0,6462316002414828,6462316002519646
6462316033112689,_w-UuvaNp-4aAR7EAAAA,image_h264,0,0,0,0,6462316033136486,6462316042026671,39762,0,0,6462316042086546,6462316042168212
6462316072709472,_w-UuvaNp-4aAR7EAAAA,image_h264,0,0,0,0,6462316072726871,6462316080148736,39820,0,0,6462316080213219,6462316080290418
6462316112670145,_w-UuvaNp-4aAR7EAAAA,image_h264,0,0,0,0,6462316112686313,6462316120014212,37539,0,0,6462316120078150,6462316120159767
6462316152648665,_w-UuvaNp-4aAR7EAAAA,image_h264,0,0,0,0,6462316152666167,6462316159641601,44016,0,0,6462316159712951,6462316159816231
6462316193085157,_w-UuvaNp-4aAR7EAAAA,image_h264,0,0,0,0,6462316193107110,6462316204086595,40277,0,0,6462316204225621,6462316204321264
6462316232585304,_w-UuvaNp-4aAR7EAAAA,image_h264,0,0,0,0,6462316232601794,6462316239123466,42168,0,0,6462316239179805,6462316239258182
6462316272611650,_w-UuvaNp-4aAR7EAAAA,image_h264,0,0,0,0,6462316272627021,6462316280019482,39383,0,0,6462316280086207,6462316280167797
6462316312777724,_w-UuvaNp-4aAR7EAAAA,image_h264,0,0,0,0,6462316312798054,6462316320807787,45554,0,0,6462316320866163,6462316320939438
6462316352778880,_w-UuvaNp-4aAR7EAAAA,image_h264,0,0,0,0,6462316352796089,6462316360588821,41778,0,0,6462316360662167,6462316360761948
6462316392989726,_w-UuvaNp-4aAR7EAAAA,image_h264,0,0,0,0,6462316393007684,6462316400232940,40957,0,0,6462316400291977,6462316400365626
6462316432722674,_w-UuvaNp-4aAR7EAAAA,image_h264,0,0,0,0,6462316432739804,6462316439740172,45975,0,0,6462316439815819,6462316439913711
6462316472776359,_w-UuvaNp-4aAR7EAAAA,image_h264,0,0,0,0,6462316472795681,6462316480837026,42066,0,0,6462316480896620,6462316480970497
6462316512628461,_w-UuvaNp-4aAR7EAAAA,image_h264,0,0,0,0,6462316512644503,6462316522999047,42705,0,0,6462316523066014,6462316523150474
6462316552623127,_w-UuvaNp-4aAR7EAAAA,image_h264,0,0,0,0,6462316552640333,6462316560121756,40756,0,0,6462316560198468,6462316560304888
6462316592781060,_w-UuvaNp-4aAR7EAAAA,image_h264,0,0,0,0,6462316592798443,6462316599952597,37469,0,0,6462316600056205,6462316600159284
6462316632774011,_w-UuvaNp-4aAR7EAAAA,image_h264,0,0,0,0,6462316632792450,6462316640997528,36134,0,0,6462316641078071,6462316641178240
6462316672992531,_w-UuvaNp-4aAR7EAAAA,image_h264,0,0,0,0,6462316673014256,6462316681843228,39232,0,0,6462316681924462,6462316682028766
6462316712899198,_w-UuvaNp-4aAR7EAAAA,image_h264,0,0,0,0,6462316712924914,6462316720673334,34496,0,0,6462316720732369,6462316720810089
6462316752700973,_w-UuvaNp-4aAR7EAAAA,image_h264,0,0,0,0,6462316752719490,6462316759576126,38651,0,0,6462316759635107,6462316759708689
6462316792979382,_w-UuvaNp-4aAR7EAAAA,image_h264,0,0,0,0,6462316793001110,6462316800406344,47362,0,0,6462316800478401,6462316800583342
6462316833163051,_w-UuvaNp-4aAR7EAAAA,image_h264,0,0,0,0,6462316833185847,6462316843467026,38082,0,0,6462316843537624,6462316843629964
6462316872638582,_w-UuvaNp-4aAR7EAAAA,image_h264,0,0,0,0,6462316872655967,6462316879032852,44192,0,0,6462316879092005,6462316879165462
6462316912651232,_w-UuvaNp-4aAR7EAAAA,image_h264,0,0,0,0,6462316912666050,6462316919458240,43301,0,0,6462316919517185,6462316919590781
6462316952556340,_w-UuvaNp-4aAR7EAAAA,image_h264,0,0,0,0,6462316952569512,6462316959310403,38633,0,0,6462316959380805,6462316959475847
6462316992550415,_w-UuvaNp-4aAR7EAAAA,image_h264,0,0,0,0,6462316992564582,6462316999168590,35346,0,0,6462316999225213,6462316999295564
6462317032626893,_w-UuvaNp-4aAR7EAAAA,image_h264,0,0,0,0,6462317032641582,6462317039123110,37730,0,0,6462317039183032,6462317039253765
6462317074604864,_w-UuvaNp-4aAR7EAAAA,image_h264,0,0,0,0,6462317074631064,6462317088628183,33610,0,0,6462317088712411,6462317088832217
6462317112808705,_w-UuvaNp-4aAR7EAAAA,image_h264,0,0,0,0,6462317112827203,6462317121142066,41290,0,0,6462317121201438,6462317121272962
6462317152588698,_w-UuvaNp-4aAR7EAAAA,image_h264,0,0,0,0,6462317152602454,6462317159581784,34400,0,0,6462317159656831,6462317159746148
6462317192562624,_w-UuvaNp-4aAR7EAAAA,image_h264,0,0,0,0,6462317192579589,6462317199011319,37200,0,0,6462317199082331,6462317199180101
6462317232571561,_w-UuvaNp-4aAR7EAAAA,image_h264,0,0,0,0,6462317232588741,6462317239982811,47859,0,0,6462317240082045,6462317240189209
6462317272827008,_w-UuvaNp-4aAR7EAAAA,image_h264,0,0,0,0,6462317272845761,6462317280980155,37597,0,0,6462317281039951,6462317281110889
6462317312626423,_w-UuvaNp-4aAR7EAAAA,image_h264,0,0,0,0,6462317312640428,6462317319082064,38842,0,0,6462317319141759,6462317319214385
6462317352836518,_w-UuvaNp-4aAR7EAAAA,image_h264,0,0,0,0,6462317352853763,6462317361888145,39170,0,0,6462317361973540,6462317362071836
6462317392526879,_w-UuvaNp-4aAR7EAAAA,image_h264,0,0,0,0,6462317392540639,6462317399085595,35965,0,0,6462317399154868,6462317399237384
6462317433139706,_w-UuvaNp-4aAR7EAAAA,image_h264,0,0,0,0,6462317433164491,6462317445155062,42337,0,0,6462317445215480,6462317445294195
6462317472852814,_w-UuvaNp-4aAR7EAAAA,image_h264,0,0,0,0,6462317472876995,6462317480217341,34462,0,0,6462317480277266,6462317480348088
6462317512499732,_w-UuvaNp-4aAR7EAAAA,image_h264,0,0,0,0,6462317512514649,6462317519037309,37275,0,0,6462317519096342,6462317519169322
6462317552909918,_w-UuvaNp-4aAR7EAAAA,image_h264,0,0,0,0,6462317552925943,6462317559707155,49073,0,0,6462317559765946,6462317559837410
6462317592795580,_w-UuvaNp-4aAR7EAAAA,image_h264,0,0,0,0,6462317592812121,6462317601245136,50482,0,0,6462317601304682,6462317601382783
6462317632601795,_w-UuvaNp-4aAR7EAAAA,image_h264,0,0,0,0,6462317632615968,6462317639717637,32996,0,0,6462317639777058,6462317639848987
6462317672555125,_w-UuvaNp-4aAR7EAAAA,image_h264,0,0,0,0,6462317672570996,6462317679092285,41290,0,0,6462317679153075,6462317679224599
6462317712563296,_w-UuvaNp-4aAR7EAAAA,image_h264,0,0,0,0,6462317712579116,6462317719521856,37795,0,0,6462317719592641,6462317719695201
6462317752836668,_w-UuvaNp-4aAR7EAAAA,image_h264,0,0,0,0,6462317752856322,6462317761423694,42848,0,0,6462317761510516,6462317762420570
6462317792604141,_w-UuvaNp-4aAR7EAAAA,image_h264,0,0,0,0,6462317792622612,6462317800978535,38258,0,0,6462317801066070,6462317801174139
6462317833072905,_w-UuvaNp-4aAR7EAAAA,image_h264,0,0,0,0,6462317833100043,6462317842072680,39644,0,0,6462317842158155,6462317842263847
6462317872978475,_w-UuvaNp-4aAR7EAAAA,image_h264,0,0,0,0,6462317873000527,6462317881598040,37619,0,0,6462317881658752,6462317881735762
6462317913000921,_w-UuvaNp-4aAR7EAAAA,image_h264,0,0,0,0,6462317913020522,6462317922144922,45165,0,0,6462317922205911,6462317922285640
6462317952669782,_w-UuvaNp-4aAR7EAAAA,image_h264,0,0,0,0,6462317952685848,6462317959769732,38670,0,0,6462317959827820,6462317959907969
6462317992974635,_w-UuvaNp-4aAR7EAAAA,image_h264,0,0,0,0,6462317992995774,6462318001569176,58016,0,0,6462318001627008,6462318001704527
6462318032689041,_w-UuvaNp-4aAR7EAAAA,image_h264,0,0,0,0,6462318032707472,6462318040038403,39738,0,0,6462318040103608,6462318040181138
6462318072765608,_w-UuvaNp-4aAR7EAAAA,image_h264,0,0,0,0,6462318072796159,6462318080760889,47756,0,0,6462318080825347,6462318080904355
6462318112670205,_w-UuvaNp-4aAR7EAAAA,image_h264,0,0,0,0,6462318112685591,6462318120175162,41542,0,0,6462318120252319,6462318120352725
6462318153001075,_w-UuvaNp-4aAR7EAAAA,image_h264,0,0,0,0,6462318153021276,6462318161725200,44937,0,0,6462318161804117,6462318161908860
6462318192814034,_w-UuvaNp-4aAR7EAAAA,image_h264,0,0,0,0,6462318192835012,6462318201061052,40089,0,0,6462318201131193,6462318201223112
6462318232543841,_w-UuvaNp-4aAR7EAAAA,image_h264,0,0,0,0,6462318232557539,6462318239998981,45471,0,0,6462318240099481,6462318240180272
6462318272578681,_w-UuvaNp-4aAR7EAAAA,image_h264,0,0,0,0,6462318272593460,6462318279454364,38683,0,0,6462318279524068,6462318279614384
6462318312543839,_w-UuvaNp-4aAR7EAAAA,image_h264,0,0,0,0,6462318312559326,6462318319096355,38595,0,0,6462318319156251,6462318319227838
6462318352945862,_w-UuvaNp-4aAR7EAAAA,image_h264,0,0,0,0,6462318352964917,6462318361976715,45563,0,0,6462318362060780,6462318362160981
6462318392832870,_w-UuvaNp-4aAR7EAAAA,image_h264,0,0,0,0,6462318392851966,6462318401338182,43228,0,0,6462318401399260,6462318401476936
6462318432868562,_w-UuvaNp-4aAR7EAAAA,image_h264,0,0,0,0,6462318432888393,6462318441105349,42093,0,0,6462318441164329,6462318441242822
6462318472584459,_w-UuvaNp-4aAR7EAAAA,image_h264,0,0,0,0,6462318472600558,6462318479616607,43761,0,0,6462318479677236,6462318479748482
6462318512604615,_w-UuvaNp-4aAR7EAAAA,image_h264,0,0,0,0,6462318512620377,6462318519741013,43270,0,0,6462318519813045,6462318519906582
6462318552583971,_w-UuvaNp-4aAR7EAAAA,image_h264,0,0,0,0,6462318552600179,6462318559903321,43090,0,0,6462318559974252,6462318560071150
6462318592658504,_w-UuvaNp-4aAR7EAAAA,image_h264,0,0,0,0,6462318592672078,6462318599156226,41236,0,0,6462318599214868,6462318599294482
6462318632479922,_w-UuvaNp-4aAR7EAAAA,image_h264,0,0,0,0,6462318632495373,6462318638944993,42774,0,0,6462318639003556,6462318639078468
6462318672915031,_w-UuvaNp-4aAR7EAAAA,image_h264,0,0,0,0,6462318672936201,6462318681249505,46977,0,0,6462318681313379,6462318681391491
6462318712657869,_w-UuvaNp-4aAR7EAAAA,image_h264,0,0,0,0,6462318712673024,6462318720044756,39775,0,0,6462318720110169,6462318720186775
6462318752572542,_w-UuvaNp-4aAR7EAAAA,image_h264,0,0,0,0,6462318752588738,6462318759762638,41389,0,0,6462318759822166,6462318759894810
6462318792596958,_w-UuvaNp-4aAR7EAAAA,image_h264,0,0,0,0,6462318792613286,6462318799864574,46174,0,0,6462318799936980,6462318800047695
6462318833313290,_w-UuvaNp-4aAR7EAAAA,image_h264,0,0,0,0,6462318833330497,6462318842307769,39696,0,0,6462318842364862,6462318842434599
6462318872527331,_w-UuvaNp-4aAR7EAAAA,image_h264,0,0,0,0,6462318872541723,6462318879194704,45497,0,0,6462318879254575,6462318879331183
6462318912624705,_w-UuvaNp-4aAR7EAAAA,image_h264,0,0,0,0,6462318912638854,6462318919575736,42520,0,0,6462318919639398,6462318919708898
6462318952889259,_w-UuvaNp-4aAR7EAAAA,image_h264,0,0,0,0,6462318952909311,6462318962500937,43428,0,0,6462318962604879,6462318962732857
6462318992934991,_w-UuvaNp-4aAR7EAAAA,image_h264,0,0,0,0,6462318992959218,6462319043024874,48637,0,0,6462319043133650,6462319043260201
6462319045227747,_w-UuvaNp-4aAR7EAAAA,image_h264,0,0,0,0,6462319045259238,6462319069263254,45609,0,0,6462319069369625,6462319069504219
6462319085029747,_w-UuvaNp-4aAR7EAAAA,image_h264,0,0,0,0,6462319085052752,6462319101431529,46432,0,0,6462319101501727,6462319101587483
6462319124555703,_w-UuvaNp-4aAR7EAAAA,image_h264,0,0,0,0,6462319124576474,6462319132779990,44079,0,0,6462319132838057,6462319132907833
6462319165255684,_w-UuvaNp-4aAR7EAAAA,image_h264,0,0,0,0,6462319165277157,6462319174134858,43427,0,0,6462319174195470,6462319174283705
6462319204570367,_w-UuvaNp-4aAR7EAAAA,image_h264,0,0,0,0,6462319204585649,6462319212152136,55066,0,0,6462319212225510,6462319212313996
6462319244601364,_w-UuvaNp-4aAR7EAAAA,image_h264,0,0,0,0,6462319244615766,6462319251396134,50646,0,0,6462319251453544,6462319251522295
6462319284522588,_w-UuvaNp-4aAR7EAAAA,image_h264,0,0,0,0,6462319284536378,6462319291100889,48908,0,0,6462319291159106,6462319291286094
6462319324549746,_w-UuvaNp-4aAR7EAAAA,image_h264,0,0,0,0,6462319324563323,6462319330968583,45798,0,0,6462319331026370,6462319331099899
6462319364639206,_w-UuvaNp-4aAR7EAAAA,image_h264,0,0,0,0,6462319364655571,6462319372161153,44606,0,0,6462319372223532,6462319372298464
6462319404665049,_w-UuvaNp-4aAR7EAAAA,image_h264,0,0,0,0,6462319404680332,6462319412512409,42665,0,0,6462319412573103,6462319412647213
6462319444634708,_w-UuvaNp-4aAR7EAAAA,image_h264,0,0,0,0,6462319444648372,6462319451887803,43797,0,0,6462319451964122,6462319452065486
6462319484628386,_w-UuvaNp-4aAR7EAAAA,image_h264,0,0,0,0,6462319484643470,6462319491589310,46238,0,0,6462319491647128,6462319491718456
6462319524591290,_w-UuvaNp-4aAR7EAAAA,image_h264,0,0,0,0,6462319524606628,6462319531123937,45112,0,0,6462319531182117,6462319531250829
6462319564500963,_w-UuvaNp-4aAR7EAAAA,image_h264,0,0,0,0,6462319564516327,6462319571308145,45495,0,0,6462319571368015,6462319571436910
6462319604632697,_w-UuvaNp-4aAR7EAAAA,image_h264,0,0,0,0,6462319604646885,6462319611576401,46447,0,0,6462319611634716,6462319611705597
6462319644556099,_w-UuvaNp-4aAR7EAAAA,image_h264,0,0,0,0,6462319644573848,6462319652036247,49171,0,0,6462319652123042,6462319652225614
6462319684833465,_w-UuvaNp-4aAR7EAAAA,image_h264,0,0,0,0,6462319684854695,6462319693515720,45754,0,0,6462319693575271,6462319693646656
6462319724518177,_w-UuvaNp-4aAR7EAAAA,image_h264,0,0,0,0,6462319724536187,6462319731639714,46218,0,0,6462319731721743,6462319731825083
6462319764831462,_w-UuvaNp-4aAR7EAAAA,image_h264,0,0,0,0,6462319764850820,6462319773177968,47060,0,0,6462319773236701,6462319773308560
6462319804561702,_w-UuvaNp-4aAR7EAAAA,image_h264,0,0,0,0,6462319804578207,6462319811647608,43059,0,0,6462319811734445,6462319811844130
6462319844489893,_w-UuvaNp-4aAR7EAAAA,image_h264,0,0,0,0,6462319844504183,6462319851813738,50044,0,0,6462319851872486,6462319851942534
6462319884602108,_w-UuvaNp-4aAR7EAAAA,image_h264,0,0,0,0,6462319884616325,6462319891209149,41998,0,0,6462319891267076,6462319891345597
6462319924866613,_w-UuvaNp-4aAR7EAAAA,image_h264,0,0,0,0,6462319924883278,6462319932584537,45605,0,0,6462319932644862,6462319932714124
6462319965023876,_w-UuvaNp-4aAR7EAAAA,image_h264,0,0,0,0,6462319965046883,6462319974095746,42145,0,0,6462319974175096,6462319974274045
6462320004912977,_w-UuvaNp-4aAR7EAAAA,image_h264,0,0,0,0,6462320004930242,6462320012276201,48396,0,0,6462320012338091,6462320012420936
6462320044591672,_w-UuvaNp-4aAR7EAAAA,image_h264,0,0,0,0,6462320044605540,6462320051599009,45049,0,0,6462320051656645,6462320051738488
6462320084855140,_w-UuvaNp-4aAR7EAAAA,image_h264,0,0,0,0,6462320084873967,6462320102708866,47289,0,0,6462320102801454,6462320102924272
6462320125362757,_w-UuvaNp-4aAR7EAAAA,image_h264,0,0,0,0,6462320125389136,6462320135965942,45875,0,0,6462320136316618,6462320136397320
6462320165348378,_w-UuvaNp-4aAR7EAAAA,image_h264,0,0,0,0,6462320165369079,6462320185350422,48468,0,0,6462320185435188,6462320185535190
6462320204819906,_w-UuvaNp-4aAR7EAAAA,image_h264,0,0,0,0,6462320204838673,6462320213803223,42313,0,0,6462320213861473,6462320213932274
6462320244599522,_w-UuvaNp-4aAR7EAAAA,image_h264,0,0,0,0,6462320244616291,6462320252111607,46625,0,0,6462320252170592,6462320252250050
6462320284578372,_w-UuvaNp-4aAR7EAAAA,image_h264,0,0,0,0,6462320284599148,6462320292181440,44885,0,0,6462320292241074,6462320292313386
6462320324561709,_w-UuvaNp-4aAR7EAAAA,image_h264,0,0,0,0,6462320324579241,6462320331656586,44101,0,0,6462320331715663,6462320331787211
6462320364542113,_w-UuvaNp-4aAR7EAAAA,image_h264,0,0,0,0,6462320364563777,6462320371779769,41940,0,0,6462320371851322,6462320371945085
6462320404559058,_w-UuvaNp-4aAR7EAAAA,image_h264,0,0,0,0,6462320404580214,6462320411722208,61050,0,0,6462320411781756,6462320411852711
6462320444571479,_w-UuvaNp-4aAR7EAAAA,image_h264,0,0,0,0,6462320444587262,6462320451825084,47785,0,0,6462320451918173,6462320452036721
6462320487168217,_w-UuvaNp-4aAR7EAAAA,image_h264,0,0,0,0,6462320487207169,6462320514664314,49310,0,0,6462320514854459,6462320515146738
6462320528506761,_w-UuvaNp-4aAR7EAAAA,image_h264,0,0,0,0,6462320528556560,6462320560899310,46173,0,0,6462320561033908,6462320561209817
6462320566351356,_w-UuvaNp-4aAR7EAAAA,image_h264,0,0,0,0,6462320566390390,6462320594481679,44320,0,0,6462320594614096,6462320594784178
6462320606344798,_w-UuvaNp-4aAR7EAAAA,image_h264,0,0,0,0,6462320606364384,6462320619498637,47195,0,0,6462320619616164,6462320619760969
6462320645616173,_w-UuvaNp-4aAR7EAAAA,image_h264,0,0,0,0,6462320645636270,6462320658512375,42921,0,0,6462320658635427,6462320658751129
6462320684601534,_w-UuvaNp-4aAR7EAAAA,image_h264,0,0,0,0,6462320684619082,6462320692417073,45179,0,0,6462320692503683,6462320692605871
6462320724701772,_w-UuvaNp-4aAR7EAAAA,image_h264,0,0,0,0,6462320724718450,6462320731336841,44023,0,0,6462320731394312,6462320731518063
6462320766065698,_w-UuvaNp-4aAR7EAAAA,image_h264,0,0,0,0,6462320766091912,6462320780138706,45767,0,0,6462320780227858,6462320780337955
6462320805009995,_w-UuvaNp-4aAR7EAAAA,image_h264,0,0,0,0,6462320805032033,6462320814497469,44166,0,0,6462320814546471,6462320814607921
6462320844603195,_w-UuvaNp-4aAR7EAAAA,image_h264,0,0,0,0,6462320844617498,6462320851646743,45717,0,0,6462320851709373,6462320851784902
6462320884690342,_w-UuvaNp-4aAR7EAAAA,image_h264,0,0,0,0,6462320884707325,6462320892974938,42984,0,0,6462320893046992,6462320893144053
6462320924828863,_w-UuvaNp-4aAR7EAAAA,image_h264,0,0,0,0,6462320924847722,6462320933768636,44139,0,0,6462320933838914,6462320933939714
6462320964528280,_w-UuvaNp-4aAR7EAAAA,image_h264,0,0,0,0,6462320964546005,6462320971641549,44222,0,0,6462320971699951,6462320971774412
6462321004784382,_w-UuvaNp-4aAR7EAAAA,image_h264,0,0,0,0,6462321004803123,6462321012095471,41424,0,0,6462321012154108,6462321012225231
6462321044901093,_w-UuvaNp-4aAR7EAAAA,image_h264,0,0,0,0,6462321044919306,6462321053201890,46878,0,0,6462321053261187,6462321053332689
6462321085152361,_w-UuvaNp-4aAR7EAAAA,image_h264,0,0,0,0,6462321085172388,6462321108350310,46168,0,0,6462321108428445,6462321108529050
6462321124911762,_w-UuvaNp-4aAR7EAAAA,image_h264,0,0,0,0,6462321124933150,6462321136493991,42438,0,0,6462321136582675,6462321136697731
6462321164625103,_w-UuvaNp-4aAR7EAAAA,image_h264,0,0,0,0,6462321164640697,6462321184694137,45806,0,0,6462321184753053,6462321184826816
6462321204522114,_w-UuvaNp-4aAR7EAAAA,image_h264,0,0,0,0,6462321204539098,6462321211754932,40760,0,0,6462321211807086,6462321211866077
6462321244861689,_w-UuvaNp-4aAR7EAAAA,image_h264,0,0,0,0,6462321244880946,6462321255808695,45658,0,0,6462321255894117,6462321255999046
6462321284699635,_w-UuvaNp-4aAR7EAAAA,image_h264,0,0,0,0,6462321284721086,6462321291960986,42903,0,0,6462321292036156,6462321292096966
6462321324501246,_w-UuvaNp-4aAR7EAAAA,image_h264,0,0,0,0,6462321324515072,6462321331323030,44889,0,0,6462321331381609,6462321331457090
6462321364522657,_w-UuvaNp-4aAR7EAAAA,image_h264,0,0,0,0,6462321364536903,6462321371232785,42175,0,0,6462321371291670,6462321371360152
6462321404927716,_w-UuvaNp-4aAR7EAAAA,image_h264,0,0,0,0,6462321404946994,6462321413097418,38853,0,0,6462321413167404,6462321413258157
6462321444599083,_w-UuvaNp-4aAR7EAAAA,image_h264,0,0,0,0,6462321444613752,6462321451235554,46636,0,0,6462321451300720,6462321451371235
6462321486936500,_w-UuvaNp-4aAR7EAAAA,image_h264,0,0,0,0,6462321486974910,6462321515427199,40208,0,0,6462321515616309,6462321515859881
6462321528444675,_w-UuvaNp-4aAR7EAAAA,image_h264,0,0,0,0,6462321528496078,6462321567059892,44297,0,0,6462321567304460,6462321567625824
6462321573623686,_w-UuvaNp-4aAR7EAAAA,image_h264,0,0,0,0,6462321573674573,6462321604730896,40974,0,0,6462321604856748,6462321605045507
6462321610772928,_w-UuvaNp-4aAR7EAAAA,image_h264,0,0,0,0,6462321610802182,6462321623632101,57570,0,0,6462321623741383,6462321623881446
6462321649441042,_w-UuvaNp-4aAR7EAAAA,image_h264,0,0,0,0,6462321649460623,6462321659711315,44120,0,0,6462321659799662,6462321659903045
6462321689234619,_w-UuvaNp-4aAR7EAAAA,image_h264,0,0,0,0,6462321689253752,6462321696985029,49130,0,0,6462321697045804,6462321697120907
6462321729046446,_w-UuvaNp-4aAR7EAAAA,image_h264,0,0,0,0,6462321729063138,6462321736573868,45106,0,0,6462321736633037,6462321736701678
6462321769084566,_w-UuvaNp-4aAR7EAAAA,image_h264,0,0,0,0,6462321769102907,6462321776501434,42462,0,0,6462321776560626,6462321776631242
6462321809052267,_w-UuvaNp-4aAR7EAAAA,image_h264,0,0,0,0,6462321809068382,6462321816063378,44764,0,0,6462321816120528,6462321816198514
6462321849066557,_w-UuvaNp-4aAR7EAAAA,image_h264,0,0,0,0,6462321849081790,6462321855748802,41541,0,0,6462321855806137,6462321855880818
6462321889211222,_w-UuvaNp-4aAR7EAAAA,image_h264,0,0,0,0,6462321889227943,6462321896121826,45032,0,0,6462321896205247,6462321896322306
6462321929054568,_w-UuvaNp-4aAR7EAAAA,image_h264,0,0,0,0,6462321929069070,6462321936192082,41465,0,0,6462321936262931,6462321936349833
6462321969331787,_w-UuvaNp-4aAR7EAAAA,image_h264,0,0,0,0,6462321969348817,6462321977046042,43524,0,0,6462321977108976,6462321977187382
6462322009185540,_w-UuvaNp-4aAR7EAAAA,image_h264,0,0,0,0,6462322009203134,6462322016699998,41785,0,0,6462322016765243,6462322016844047
6462322049291670,_w-UuvaNp-4aAR7EAAAA,image_h264,0,0,0,0,6462322049308458,6462322057120552,42094,0,0,6462322057185921,6462322057265361
6462322089074544,_w-UuvaNp-4aAR7EAAAA,image_h264,0,0,0,0,6462322089088303,6462322096018366,47093,0,0,6462322096082092,6462322096159527
6462322130468450,_w-UuvaNp-4aAR7EAAAA,image_h264,0,0,0,0,6462322130497407,6462322149371303,41315,0,0,6462322149501703,6462322149692583
6462322172120468,_w-UuvaNp-4aAR7EAAAA,image_h264,0,0,0,0,6462322172167032,6462322203652688,38627,0,0,6462322203851733,6462322204338595
6462322213821608,_w-UuvaNp-4aAR7EAAAA,image_h264,0,0,0,0,6462322213860000,6462322237695123,43236,0,0,6462322237842204,6462322238025892
6462322249891377,_w-UuvaNp-4aAR7EAAAA,image_h264,0,0,0,0,6462322249915008,6462322269178991,40768,0,0,6462322269252764,6462322269347700
6462322291918043,_w-UuvaNp-4aAR7EAAAA,image_h264,0,0,0,0,6462322291937152,6462322299879806,43357,0,0,6462322299955152,6462322300065154
6462322329408416,_w-UuvaNp-4aAR7EAAAA,image_h264,0,0,0,0,6462322329427058,6462322341230642,38495,0,0,6462322341318764,6462322341426658
6462322369416345,_w-UuvaNp-4aAR7EAAAA,image_h264,0,0,0,0,6462322369435876,6462322377733748,37058,0,0,6462322377816442,6462322377919743
6462322409317456,_w-UuvaNp-4aAR7EAAAA,image_h264,0,0,0,0,6462322409339241,6462322417952850,42989,0,0,6462322418041770,6462322418151723
6462322449349998,_w-UuvaNp-4aAR7EAAAA,image_h264,0,0,0,0,6462322449369998,6462322457690112,42141,0,0,6462322457772345,6462322457875584
6462322489341550,_w-UuvaNp-4aAR7EAAAA,image_h264,0,0,0,0,6462322489361305,6462322496677235,41827,0,0,6462322496734272,6462322496806242
6462322529171285,_w-UuvaNp-4aAR7EAAAA,image_h264,0,0,0,0,6462322529185267,6462322535812052,38802,0,0,6462322535870484,6462322535941829
6462322569119166,_w-UuvaNp-4aAR7EAAAA,image_h264,0,0,0,0,6462322569135045,6462322575832331,43596,0,0,6462322575889529,6462322575967892
6462322610040909,_w-UuvaNp-4aAR7EAAAA,image_h264,0,0,0,0,6462322610067166,6462322620327897,40703,0,0,6462322620418770,6462322620539664
6462322649483391,_w-UuvaNp-4aAR7EAAAA,image_h264,0,0,0,0,6462322649504953,6462322676882727,42795,0,0,6462322676998423,6462322677121306
6462322689084667,_w-UuvaNp-4aAR7EAAAA,image_h264,0,0,0,0,6462322689101979,6462322701284876,40705,0,0,6462322701352583,6462322701437839
6462322729119067,_w-UuvaNp-4aAR7EAAAA,image_h264,0,0,0,0,6462322729138355,6462322744471293,42250,0,0,6462322744540998,6462322744626015
6462322769246778,_w-UuvaNp-4aAR7EAAAA,image_h264,0,0,0,0,6462322769265629,6462322780984399,39766,0,0,6462322781031864,6462322781102430
6462322809079918,_w-UuvaNp-4aAR7EAAAA,image_h264,0,0,0,0,6462322809093793,6462322816036540,65410,0,0,6462322816099961,6462322816168842
6462322849112614,_w-UuvaNp-4aAR7EAAAA,image_h264,0,0,0,0,6462322849127123,6462322855773156,42681,0,0,6462322855830421,6462322855904493
6462322889117298,_w-UuvaNp-4aAR7EAAAA,image_h264,0,0,0,0,6462322889132089,6462322897064180,40113,0,0,6462322897164303,6462322897283819
6462322929415729,_w-UuvaNp-4aAR7EAAAA,image_h264,0,0,0,0,6462322929436083,6462322938026560,43279,0,0,6462322938086675,6462322938159356
6462322969104778,_w-UuvaNp-4aAR7EAAAA,image_h264,0,0,0,0,6462322969121373,6462322977285929,40347,0,0,6462322977382374,6462322977507320
6462323009644741,_w-UuvaNp-4aAR7EAAAA,image_h264,0,0,0,0,6462323009667128,6462323019586238,44589,0,0,6462323019643554,6462323019721493
6462323049187181,_w-UuvaNp-4aAR7EAAAA,image_h264,0,0,0,0,6462323049204497,6462323056876246,37951,0,0,6462323056947620,6462323057040408
6462323089191047,_w-UuvaNp-4aAR7EAAAA,image_h264,0,0,0,0,6462323089209908,6462323096766579,40298,0,0,6462323096836784,6462323096929268
6462323129072654,_w-UuvaNp-4aAR7EAAAA,image_h264,0,0,0,0,6462323129090982,6462323136593989,39156,0,0,6462323136682536,6462323136794734
6462323169038379,_w-UuvaNp-4aAR7EAAAA,image_h264,0,0,0,0,6462323169052788,6462323175494516,44029,0,0,6462323175549915,6462323175618007
6462323209077036,_w-UuvaNp-4aAR7EAAAA,image_h264,0,0,0,0,6462323209092302,6462323215803446,41470,0,0,6462323215861317,6462323215931740
6462323249152839,_w-UuvaNp-4aAR7EAAAA,image_h264,0,0,0,0,6462323249166223,6462323255618791,37305,0,0,6462323255690852,6462323255784413
6462323289031823,_w-UuvaNp-4aAR7EAAAA,image_h264,0,0,0,0,6462323289050839,6462323295872548,50628,0,0,6462323295932407,6462323296012710
6462323329349701,_w-UuvaNp-4aAR7EAAAA,image_h264,0,0,0,0,6462323329366279,6462323337039602,42880,0,0,6462323337108561,6462323337198798
6462323369396253,_w-UuvaNp-4aAR7EAAAA,image_h264,0,0,0,0,6462323369412298,6462323377531210,35579,0,0,6462323377590474,6462323377659281
6462323412877028,_w-UuvaNp-4aAR7EAAAA,image_h264,0,0,0,0,6462323412925563,6462323438918877,37257,0,0,6462323439024341,6462323439156747
6462323449617930,_w-UuvaNp-4aAR7EAAAA,image_h264,0,0,0,0,6462323449639986,6462323460753047,50567,0,0,6462323460821232,6462323460907890
6462323489215330,_w-UuvaNp-4aAR7EAAAA,image_h264,0,0,0,0,6462323489234200,6462323497999229,40440,0,0,6462323498085315,6462323498161892
6462323529437630,_w-UuvaNp-4aAR7EAAAA,image_h264,0,0,0,0,6462323529457904,6462323537369929,38990,0,0,6462323537428816,6462323537500001
6462323569365484,_w-UuvaNp-4aAR7EAAAA,image_h264,0,0,0,0,6462323569385704,6462323577367274,41634,0,0,6462323577427448,6462323577498721
6462323609063630,_w-UuvaNp-4aAR7EAAAA,image_h264,0,0,0,0,6462323609079767,6462323616232343,36555,0,0,6462323616290048,6462323616414834
6462323649067369,_w-UuvaNp-4aAR7EAAAA,image_h264,0,0,0,0,6462323649082950,6462323655886670,39109,0,0,6462323655944835,6462323656051800
6462323689106557,_w-UuvaNp-4aAR7EAAAA,image_h264,0,0,0,0,6462323689126542,6462323696609087,43443,0,0,6462323696668035,6462323696740442
6462323729131539,_w-UuvaNp-4aAR7EAAAA,image_h264,0,0,0,0,6462323729149192,6462323736446575,42189,0,0,6462323736506052,6462323736582714
6462323769127781,_w-UuvaNp-4aAR7EAAAA,image_h264,0,0,0,0,6462323769141605,6462323775661159,42146,0,0,6462323775719093,6462323775790702
6462323809361519,_w-UuvaNp-4aAR7EAAAA,image_h264,0,0,0,0,6462323809380464,6462323818771974,39144,0,0,6462323818838313,6462323818908327
6462323849290925,_w-UuvaNp-4aAR7EAAAA,image_h264,0,0,0,0,6462323849308494,6462323856933725,42887,0,0,6462323856992658,6462323857063507
6462323889615172,_w-UuvaNp-4aAR7EAAAA,image_h264,0,0,0,0,6462323889638142,6462323899712836,39929,0,0,6462323899777354,6462323899855797
6462323929165119,_w-UuvaNp-4aAR7EAAAA,image_h264,0,0,0,0,6462323929180905,6462323936732822,39528,0,0,6462323936797476,6462323936875081
6462323969176853,_w-UuvaNp-4aAR7EAAAA,image_h264,0,0,0,0,6462323969191641,6462323978268273,43872,0,0,6462323978351888,6462323978461114
6462324009740964,_w-UuvaNp-4aAR7EAAAA,image_h264,0,0,0,0,6462324009766612,6462324023581983,140193,0,0,6462324023675934,6462324023774963
6462324050046551,_w-UuvaNp-4aAR7EAAAA,image_h264,0,0,0,0,6462324050069658,6462324061771256,30285,0,0,6462324061871972,6462324061995475
6462324089501574,_w-UuvaNp-4aAR7EAAAA,image_h264,0,0,0,0,6462324089522711,6462324102123977,33378,0,0,6462324102204519,6462324102299471
6462324129241520,_w-UuvaNp-4aAR7EAAAA,image_h264,0,0,0,0,6462324129261076,6462324139267833,48082,0,0,6462324139325433,6462324139403727
6462324169465140,_w-UuvaNp-4aAR7EAAAA,image_h264,0,0,0,0,6462324169488094,6462324177907737,39326,0,0,6462324177977240,6462324178069843
6462324209396406,_w-UuvaNp-4aAR7EAAAA,image_h264,0,0,0,0,6462324209416416,6462324218737789,41283,0,0,6462324218826979,6462324218930582
6462324249398043,_w-UuvaNp-4aAR7EAAAA,image_h264,0,0,0,0,6462324249422001,6462324257981015,38372,0,0,6462324258038785,6462324258110318
6462324289286913,_w-UuvaNp-4aAR7EAAAA,image_h264,0,0,0,0,6462324289304672,6462324297402856,41775,0,0,6462324297473827,6462324297565760
6462324329098944,_w-UuvaNp-4aAR7EAAAA,image_h264,0,0,0,0,6462324329116692,6462324336211899,39035,0,0,6462324336270599,6462324336346737
6462324369242403,_w-UuvaNp-4aAR7EAAAA,image_h264,0,0,0,0,6462324369261088,6462324376535019,37886,0,0,6462324376594944,6462324376667366
6462324409137684,_w-UuvaNp-4aAR7EAAAA,image_h264,0,0,0,0,6462324409154632,6462324416089523,42353,0,0,6462324416149053,6462324416222453
6462324449089139,_w-UuvaNp-4aAR7EAAAA,image_h264,0,0,0,0,6462324449106598,6462324456757640,39571,0,0,6462324456849733,6462324456956112
6462324489274650,_w-UuvaNp-4aAR7EAAAA,image_h264,0,0,0,0,6462324489295402,6462324497174534,38414,0,0,6462324497235943,6462324497325761
6462324529350535,_w-UuvaNp-4aAR7EAAAA,image_h264,0,0,0,0,6462324529372411,6462324536872274,43519,0,0,6462324536928491,6462324536998018
6462324569134891,_w-UuvaNp-4aAR7EAAAA,image_h264,0,0,0,0,6462324569149061,6462324576103394,39530,0,0,6462324576159931,6462324576231169
6462324609345543,_w-UuvaNp-4aAR7EAAAA,image_h264,0,0,0,0,6462324609362621,6462324617429643,42453,0,0,6462324617487201,6462324617559075
6462324649207539,_w-UuvaNp-4aAR7EAAAA,image_h264,0,0,0,0,6462324649225334,6462324657765159,38612,0,0,6462324657859730,6462324657976275
6462324689143369,_w-UuvaNp-4aAR7EAAAA,image_h264,0,0,0,0,6462324689158726,6462324696859393,42102,0,0,6462324696948110,6462324697061975
6462324729142543,_w-UuvaNp-4aAR7EAAAA,image_h264,0,0,0,0,6462324729157424,6462324736722548,39405,0,0,6462324736788520,6462324736867603
6462324769545175,_w-UuvaNp-4aAR7EAAAA,image_h264,0,0,0,0,6462324769565505,6462324778982673,42569,0,0,6462324779047151,6462324779135243
6462324809526768,_w-UuvaNp-4aAR7EAAAA,image_h264,0,0,0,0,6462324809548301,6462324819198682,40600,0,0,6462324819258639,6462324819335277
6462324849079967,_w-UuvaNp-4aAR7EAAAA,image_h264,0,0,0,0,6462324849098531,6462324856203210,38023,0,0,6462324856260374,6462324856329995
6462324889103572,_w-UuvaNp-4aAR7EAAAA,image_h264,0,0,0,0,6462324889121031,6462324896055597,41721,0,0,6462324896137729,6462324896238155
6462324929429331,_w-UuvaNp-4aAR7EAAAA,image_h264,0,0,0,0,6462324929449766,6462324938724871,37816,0,0,6462324938784106,6462324938856129
6462324969099127,_w-UuvaNp-4aAR7EAAAA,image_h264,0,0,0,0,6462324969115913,6462324977822264,41428,0,0,6462324977921471,6462324978044069
6462325009582921,_w-UuvaNp-4aAR7EAAAA,image_h264,0,0,0,0,6462325009605235,6462325019546082,38364,0,0,6462325019604422,6462325019674876
6462325049486251,_w-UuvaNp-4aAR7EAAAA,image_h264,0,0,0,0,6462325049503277,6462325056705783,40371,0,0,6462325056762882,6462325056839862
6462325089128010,_w-UuvaNp-4aAR7EAAAA,image_h264,0,0,0,0,6462325089145791,6462325096383409,39071,0,0,6462325096440659,6462325096517431
6462325129243311,_w-UuvaNp-4aAR7EAAAA,image_h264,0,0,0,0,6462325129262401,6462325137241876,37028,0,0,6462325137344272,6462325137460203
6462325169081418,_w-UuvaNp-4aAR7EAAAA,image_h264,0,0,0,0,6462325169096467,6462325175686509,38105,0,0,6462325175743641,6462325175820207
6462325209084873,_w-UuvaNp-4aAR7EAAAA,image_h264,0,0,0,0,6462325209099335,6462325216080389,58189,0,0,6462325216138210,6462325216215398
6462325249196818,_w-UuvaNp-4aAR7EAAAA,image_h264,0,0,0,0,6462325249212144,6462325255704474,43992,0,0,6462325255760339,6462325255830954
6462325289265725,_w-UuvaNp-4aAR7EAAAA,image_h264,0,0,0,0,6462325289284969,6462325297206880,38661,0,0,6462325297271234,6462325297352928
6462325329204697,_w-UuvaNp-4aAR7EAAAA,image_h264,0,0,0,0,6462325329219312,6462325337048403,35777,0,0,6462325337115007,6462325337198610
6462325369531183,_w-UuvaNp-4aAR7EAAAA,image_h264,0,0,0,0,6462325369551833,6462325379954593,43153,0,0,6462325380080031,6462325380213970
6462325412472228,_w-UuvaNp-4aAR7EAAAA,image_h264,0,0,0,0,6462325412495030,6462325422448123,37246,0,0,6462325422507885,6462325422581842
6462325449675268,_w-UuvaNp-4aAR7EAAAA,image_h264,0,0,0,0,6462325449691470,6462325458400449,42118,0,0,6462325458457614,6462325458528637
6462325489074436,_w-UuvaNp-4aAR7EAAAA,image_h264,0,0,0,0,6462325489090181,6462325497333945,39376,0,0,6462325497398809,6462325497471769
6462325529054493,_w-UuvaNp-4aAR7EAAAA,image_h264,0,0,0,0,6462325529070383,6462325536456337,38182,0,0,6462325536549775,6462325536656102
6462325569436252,_w-UuvaNp-4aAR7EAAAA,image_h264,0,0,0,0,6462325569456866,6462325579066763,37185,0,0,6462325579127751,6462325579202892
6462325609059621,_w-UuvaNp-4aAR7EAAAA,image_h264,0,0,0,0,6462325609076338,6462325616841888,41912,0,0,6462325616900496,6462325616977876
6462325649190655,_w-UuvaNp-4aAR7EAAAA,image_h264,0,0,0,0,6462325649208718,6462325656311314,39557,0,0,6462325656369906,6462325656439223
6462325689121765,_w-UuvaNp-4aAR7EAAAA,image_h264,0,0,0,0,6462325689143668,6462325696408187,44027,0,0,6462325696467140,6462325696542450
6462325729291067,_w-UuvaNp-4aAR7EAAAA,image_h264,0,0,0,0,6462325729312168,6462325737764261,41313,0,0,6462325737857304,6462325737967800
6462325769432710,_w-UuvaNp-4aAR7EAAAA,image_h264,0,0,0,0,6462325769454075,6462325778649411,40906,0,0,6462325778713759,6462325778800539
6462325809309893,_w-UuvaNp-4aAR7EAAAA,image_h264,0,0,0,0,6462325809333631,6462325817050312,36982,0,0,6462325817110604,6462325817193907
6462325849193107,_w-UuvaNp-4aAR7EAAAA,image_h264,0,0,0,0,6462325849207940,6462325856441166,41583,0,0,6462325856500936,6462325856577324
6462325889529518,_w-UuvaNp-4aAR7EAAAA,image_h264,0,0,0,0,6462325889551359,6462325898875194,38483,0,0,6462325898958465,6462325899055633
6462325929229241,_w-UuvaNp-4aAR7EAAAA,image_h264,0,0,0,0,6462325929244368,6462325937058641,40516,0,0,6462325937122630,6462325937203980
6462325969149672,_w-UuvaNp-4aAR7EAAAA,image_h264,0,0,0,0,6462325969163923,6462325976576918,37029,0,0,6462325976640509,6462325976718574
6462326009221608,_w-UuvaNp-4aAR7EAAAA,image_h264,0,0,0,0,6462326009236764,6462326018356756,40591,0,0,6462326018437159,6462326018544025
6462326049165350,_w-UuvaNp-4aAR7EAAAA,image_h264,0,0,0,0,6462326049181217,6462326057357938,38178,0,0,6462326057422135,6462326057510037
6462326089027716,_w-UuvaNp-4aAR7EAAAA,image_h264,0,0,0,0,6462326089042333,6462326096069484,41794,0,0,6462326096128138,6462326096198941
6462326129105223,_w-UuvaNp-4aAR7EAAAA,image_h264,0,0,0,0,6462326129122191,6462326136196443,37729,0,0,6462326136280200,6462326136381555
6462326169342597,_w-UuvaNp-4aAR7EAAAA,image_h264,0,0,0,0,6462326169362699,6462326179569194,35749,0,0,6462326179651536,6462326179756725
6462326209457758,_w-UuvaNp-4aAR7EAAAA,image_h264,0,0,0,0,6462326209476647,6462326218291563,39423,0,0,6462326218349005,6462326218418781
6462326249117034,_w-UuvaNp-4aAR7EAAAA,image_h264,0,0,0,0,6462326249133163,6462326256130201,34632,0,0,6462326256188572,6462326256260085
6462326289105369,_w-UuvaNp-4aAR7EAAAA,image_h264,0,0,0,0,6462326289121159,6462326296213509,35665,0,0,6462326296271520,6462326296349129
6462326329066961,_w-UuvaNp-4aAR7EAAAA,image_h264,0,0,0,0,6462326329083610,6462326335964150,34730,0,0,6462326336034596,6462326336106511
6462326369309028,_w-UuvaNp-4aAR7EAAAA,image_h264,0,0,0,0,6462326369330354,6462326377788309,35146,0,0,6462326377855698,6462326377943169
6462326409124302,_w-UuvaNp-4aAR7EAAAA,image_h264,0,0,0,0,6462326409143141,6462326416137765,53860,0,0,6462326416204597,6462326416293138
6462326449387581,_w-UuvaNp-4aAR7EAAAA,image_h264,0,0,0,0,6462326449405142,6462326456959292,38776,0,0,6462326457016182,6462326457087837
6462326493146676,_w-UuvaNp-4aAR7EAAAA,image_h264,0,0,0,0,6462326493195044,6462326527110738,35969,0,0,6462326527317090,6462326527773971
6462326533511051,_w-UuvaNp-4aAR7EAAAA,image_h264,0,0,0,0,6462326533564555,6462326567883362,37041,0,0,6462326568055093,6462326568253972
6462326572380647,_w-UuvaNp-4aAR7EAAAA,image_h264,0,0,0,0,6462326572419333,6462326587958710,35170,0,0,6462326588072568,6462326588186006
6462326610033826,_w-UuvaNp-4aAR7EAAAA,image_h264,0,0,0,0,6462326610052578,6462326620392160,35632,0,0,6462326620467272,6462326620562701
6462326649761268,_w-UuvaNp-4aAR7EAAAA,image_h264,0,0,0,0,6462326649778309,6462326659840151,36481,0,0,6462326659914101,6462326660022165
6462326689818328,_w-UuvaNp-4aAR7EAAAA,image_h264,0,0,0,0,6462326689849964,6462326697214868,33722,0,0,6462326697302990,6462326697414038
6462326729904110,_w-UuvaNp-4aAR7EAAAA,image_h264,0,0,0,0,6462326729924790,6462326738155752,35387,0,0,6462326738213403,6462326738286506
6462326769594669,_w-UuvaNp-4aAR7EAAAA,image_h264,0,0,0,0,6462326769611231,6462326776812385,43245,0,0,6462326776902962,6462326777005000
6462326809951620,_w-UuvaNp-4aAR7EAAAA,image_h264,0,0,0,0,6462326809972409,6462326818478042,42061,0,0,6462326818536204,6462326818608581
6462326849776463,_w-UuvaNp-4aAR7EAAAA,image_h264,0,0,0,0,6462326849794736,6462326857317956,39943,0,0,6462326857410555,6462326857518785
6462326889907548,_w-UuvaNp-4aAR7EAAAA,image_h264,0,0,0,0,6462326889927649,6462326898478431,39173,0,0,6462326898536496,6462326898609125
6462326929707153,_w-UuvaNp-4aAR7EAAAA,image_h264,0,0,0,0,6462326929724378,6462326937618294,36976,0,0,6462326937719790,6462326937848409
6462326969636892,_w-UuvaNp-4aAR7EAAAA,image_h264,0,0,0,0,6462326969652424,6462326977940585,36828,0,0,6462326978002723,6462326978077631
6462327009798245,_w-UuvaNp-4aAR7EAAAA,image_h264,0,0,0,0,6462327009816834,6462327017643560,37244,0,0,6462327017739056,6462327017854716
6462327049970639,_w-UuvaNp-4aAR7EAAAA,image_h264,0,0,0,0,6462327049990627,6462327059173507,34600,0,0,6462327059259816,6462327059365130
6462327090062729,_w-UuvaNp-4aAR7EAAAA,image_h264,0,0,0,0,6462327090085931,6462327098446438,34099,0,0,6462327098506000,6462327098578854
6462327129944245,_w-UuvaNp-4aAR7EAAAA,image_h264,0,0,0,0,6462327129961430,6462327138211759,36879,0,0,6462327138270091,6462327138342403
6462327169663178,_w-UuvaNp-4aAR7EAAAA,image_h264,0,0,0,0,6462327169677441,6462327176401705,33633,0,0,6462327176457252,6462327176527069
6462327209628148,_w-UuvaNp-4aAR7EAAAA,image_h264,0,0,0,0,6462327209648045,6462327217138004,36377,0,0,6462327217199686,6462327217273454
